"STATION","NAME","LATITUDE","LONGITUDE","ELEVATION","DATE","PRCP"
"USW00014837","MADISON DANE CO REGIONAL AIRPORT, WI US","43.1405","-89.3452","264.0","1941-01","69.4"
"USW00014837","MADISON DANE CO REGIONAL AIRPORT, WI US","43.1405","-89.3452","264.0","1941-02","20.1"
"USW00014837","MADISON DANE CO REGIONAL AIRPORT, WI US","43.1405","-89.3452","264.0","1941-03","46.3"
"USW00014837","MADISON DANE CO REGIONAL AIRPORT, WI US","43.1405","-89.3452","264.0","1941-04","49.1"
"USW00014837","MADISON DANE CO REGIONAL AIRPORT, WI US","43.1405","-89.3452","264.0","1941-05","77.0"
"USW00014837","MADISON DANE CO REGIONAL AIRPORT, WI US","43.1405","-89.3452","264.0","1941-06","87.1"
"USW00014837","MADISON DANE CO REGIONAL AIRPORT, WI US","43.1405","-89.3452","264.0","1941-07","74.5"
"USW00014837","MADISON DANE CO REGIONAL AIRPORT, WI US","43.1405","-89.3452","264.0","1941-08","32.9"
"USW00014837","MADISON DANE CO REGIONAL AIRPORT, WI US","43.1405","-89.3452","264.0","1941-09","250.7"
"USW00014837","MADISON DANE CO REGIONAL AIRPORT, WI US","43.1405","-89.3452","264.0","1941-10","72.5"
"USW00014837","MADISON DANE CO REGIONAL AIRPORT, WI US","43.1405","-89.3452","264.0","1941-11","23.8"
"USW00014837","MADISON DANE CO REGIONAL AIRPORT, WI US","43.1405","-89.3452","264.0","1941-12","32.7"
"USW00014837","MADISON DANE CO REGIONAL AIRPORT, WI US","43.1405","-89.3452","264.0","1942-01","29.6"
"USW00014837","MADISON DANE CO REGIONAL AIRPORT, WI US","43.1405","-89.3452","264.0","1942-02","12.7"
"USW00014837","MADISON DANE CO REGIONAL AIRPORT, WI US","43.1405","-89.3452","264.0","1942-03","37.1"
"USW00014837","MADISON DANE CO REGIONAL AIRPORT, WI US","43.1405","-89.3452","264.0","1942-04","20.7"
"USW00014837","MADISON DANE CO REGIONAL AIRPORT, WI US","43.1405","-89.3452","264.0","1942-05","114.1"
"USW00014837","MADISON DANE CO REGIONAL AIRPORT, WI US","43.1405","-89.3452","264.0","1942-06","108.3"
"USW00014837","MADISON DANE CO REGIONAL AIRPORT, WI US","43.1405","-89.3452","264.0","1942-07","91.1"
"USW00014837","MADISON DANE CO REGIONAL AIRPORT, WI US","43.1405","-89.3452","264.0","1942-08","105.2"
"USW00014837","MADISON DANE CO REGIONAL AIRPORT, WI US","43.1405","-89.3452","264.0","1942-09","87.1"
"USW00014837","MADISON DANE CO REGIONAL AIRPORT, WI US","43.1405","-89.3452","264.0","1942-10","62.0"
"USW00014837","MADISON DANE CO REGIONAL AIRPORT, WI US","43.1405","-89.3452","264.0","1942-11","83.1"
"USW00014837","MADISON DANE CO REGIONAL AIRPORT, WI US","43.1405","-89.3452","264.0","1942-12","64.8"
"USW00014837","MADISON DANE CO REGIONAL AIRPORT, WI US","43.1405","-89.3452","264.0","1943-01","54.7"
"USW00014837","MADISON DANE CO REGIONAL AIRPORT, WI US","43.1405","-89.3452","264.0","1943-02","19.4"
"USW00014837","MADISON DANE CO REGIONAL AIRPORT, WI US","43.1405","-89.3452","264.0","1943-03","63.0"
"USW00014837","MADISON DANE CO REGIONAL AIRPORT, WI US","43.1405","-89.3452","264.0","1943-04","25.4"
"USW00014837","MADISON DANE CO REGIONAL AIRPORT, WI US","43.1405","-89.3452","264.0","1943-05","73.4"
"USW00014837","MADISON DANE CO REGIONAL AIRPORT, WI US","43.1405","-89.3452","264.0","1943-06","59.1"
"USW00014837","MADISON DANE CO REGIONAL AIRPORT, WI US","43.1405","-89.3452","264.0","1943-07","39.1"
"USW00014837","MADISON DANE CO REGIONAL AIRPORT, WI US","43.1405","-89.3452","264.0","1943-08","58.9"
"USW00014837","MADISON DANE CO REGIONAL AIRPORT, WI US","43.1405","-89.3452","264.0","1943-09","9.5"
"USW00014837","MADISON DANE CO REGIONAL AIRPORT, WI US","43.1405","-89.3452","264.0","1943-10","21.1"
"USW00014837","MADISON DANE CO REGIONAL AIRPORT, WI US","43.1405","-89.3452","264.0","1943-11","80.2"
"USW00014837","MADISON DANE CO REGIONAL AIRPORT, WI US","43.1405","-89.3452","264.0","1943-12","25.2"
"USW00014837","MADISON DANE CO REGIONAL AIRPORT, WI US","43.1405","-89.3452","264.0","1944-01","35.6"
"USW00014837","MADISON DANE CO REGIONAL AIRPORT, WI US","43.1405","-89.3452","264.0","1944-02","43.1"
"USW00014837","MADISON DANE CO REGIONAL AIRPORT, WI US","43.1405","-89.3452","264.0","1944-03","62.6"
"USW00014837","MADISON DANE CO REGIONAL AIRPORT, WI US","43.1405","-89.3452","264.0","1944-04","95.0"
"USW00014837","MADISON DANE CO REGIONAL AIRPORT, WI US","43.1405","-89.3452","264.0","1944-05","59.4"
"USW00014837","MADISON DANE CO REGIONAL AIRPORT, WI US","43.1405","-89.3452","264.0","1944-06","87.0"
"USW00014837","MADISON DANE CO REGIONAL AIRPORT, WI US","43.1405","-89.3452","264.0","1944-07","70.5"
"USW00014837","MADISON DANE CO REGIONAL AIRPORT, WI US","43.1405","-89.3452","264.0","1944-08","39.3"
"USW00014837","MADISON DANE CO REGIONAL AIRPORT, WI US","43.1405","-89.3452","264.0","1944-09","77.6"
"USW00014837","MADISON DANE CO REGIONAL AIRPORT, WI US","43.1405","-89.3452","264.0","1944-10","7.4"
"USW00014837","MADISON DANE CO REGIONAL AIRPORT, WI US","43.1405","-89.3452","264.0","1944-11","39.1"
"USW00014837","MADISON DANE CO REGIONAL AIRPORT, WI US","43.1405","-89.3452","264.0","1944-12","29.0"
"USW00014837","MADISON DANE CO REGIONAL AIRPORT, WI US","43.1405","-89.3452","264.0","1945-01","8.0"
"USW00014837","MADISON DANE CO REGIONAL AIRPORT, WI US","43.1405","-89.3452","264.0","1945-02","35.6"
"USW00014837","MADISON DANE CO REGIONAL AIRPORT, WI US","43.1405","-89.3452","264.0","1945-03","35.8"
"USW00014837","MADISON DANE CO REGIONAL AIRPORT, WI US","43.1405","-89.3452","264.0","1945-04","73.5"
"USW00014837","MADISON DANE CO REGIONAL AIRPORT, WI US","43.1405","-89.3452","264.0","1945-05","133.9"
"USW00014837","MADISON DANE CO REGIONAL AIRPORT, WI US","43.1405","-89.3452","264.0","1945-06","71.3"
"USW00014837","MADISON DANE CO REGIONAL AIRPORT, WI US","43.1405","-89.3452","264.0","1945-07","67.4"
"USW00014837","MADISON DANE CO REGIONAL AIRPORT, WI US","43.1405","-89.3452","264.0","1945-08","103.4"
"USW00014837","MADISON DANE CO REGIONAL AIRPORT, WI US","43.1405","-89.3452","264.0","1945-09","159.4"
"USW00014837","MADISON DANE CO REGIONAL AIRPORT, WI US","43.1405","-89.3452","264.0","1945-10","19.9"
"USW00014837","MADISON DANE CO REGIONAL AIRPORT, WI US","43.1405","-89.3452","264.0","1945-11","59.6"
"USW00014837","MADISON DANE CO REGIONAL AIRPORT, WI US","43.1405","-89.3452","264.0","1945-12","37.5"
"USW00014837","MADISON DANE CO REGIONAL AIRPORT, WI US","43.1405","-89.3452","264.0","1946-01","50.1"
"USW00014837","MADISON DANE CO REGIONAL AIRPORT, WI US","43.1405","-89.3452","264.0","1946-02","22.4"
"USW00014837","MADISON DANE CO REGIONAL AIRPORT, WI US","43.1405","-89.3452","264.0","1946-03","73.2"
"USW00014837","MADISON DANE CO REGIONAL AIRPORT, WI US","43.1405","-89.3452","264.0","1946-04","24.0"
"USW00014837","MADISON DANE CO REGIONAL AIRPORT, WI US","43.1405","-89.3452","264.0","1946-05","54.4"
"USW00014837","MADISON DANE CO REGIONAL AIRPORT, WI US","43.1405","-89.3452","264.0","1946-06","71.4"
"USW00014837","MADISON DANE CO REGIONAL AIRPORT, WI US","43.1405","-89.3452","264.0","1946-07","24.1"
"USW00014837","MADISON DANE CO REGIONAL AIRPORT, WI US","43.1405","-89.3452","264.0","1946-08","41.6"
"USW00014837","MADISON DANE CO REGIONAL AIRPORT, WI US","43.1405","-89.3452","264.0","1946-09","32.7"
"USW00014837","MADISON DANE CO REGIONAL AIRPORT, WI US","43.1405","-89.3452","264.0","1946-10","45.4"
"USW00014837","MADISON DANE CO REGIONAL AIRPORT, WI US","43.1405","-89.3452","264.0","1946-11","52.9"
"USW00014837","MADISON DANE CO REGIONAL AIRPORT, WI US","43.1405","-89.3452","264.0","1946-12","39.2"
"USW00014837","MADISON DANE CO REGIONAL AIRPORT, WI US","43.1405","-89.3452","264.0","1947-01","57.4"
"USW00014837","MADISON DANE CO REGIONAL AIRPORT, WI US","43.1405","-89.3452","264.0","1947-02","7.5"
"USW00014837","MADISON DANE CO REGIONAL AIRPORT, WI US","43.1405","-89.3452","264.0","1947-03","44.0"
"USW00014837","MADISON DANE CO REGIONAL AIRPORT, WI US","43.1405","-89.3452","264.0","1947-04","93.5"
"USW00014837","MADISON DANE CO REGIONAL AIRPORT, WI US","43.1405","-89.3452","264.0","1947-05","110.6"
"USW00014837","MADISON DANE CO REGIONAL AIRPORT, WI US","43.1405","-89.3452","264.0","1947-06","101.3"
"USW00014837","MADISON DANE CO REGIONAL AIRPORT, WI US","43.1405","-89.3452","264.0","1947-07","55.2"
"USW00014837","MADISON DANE CO REGIONAL AIRPORT, WI US","43.1405","-89.3452","264.0","1947-08","40.2"
"USW00014837","MADISON DANE CO REGIONAL AIRPORT, WI US","43.1405","-89.3452","264.0","1947-09","153.1"
"USW00014837","MADISON DANE CO REGIONAL AIRPORT, WI US","43.1405","-89.3452","264.0","1947-10","47.0"
"USW00014837","MADISON DANE CO REGIONAL AIRPORT, WI US","43.1405","-89.3452","264.0","1947-11","71.7"
"USW00014837","MADISON DANE CO REGIONAL AIRPORT, WI US","43.1405","-89.3452","264.0","1947-12","43.7"
"USW00014837","MADISON DANE CO REGIONAL AIRPORT, WI US","43.1405","-89.3452","264.0","1948-01","12.6"
"USW00014837","MADISON DANE CO REGIONAL AIRPORT, WI US","43.1405","-89.3452","264.0","1948-02","54.1"
"USW00014837","MADISON DANE CO REGIONAL AIRPORT, WI US","43.1405","-89.3452","264.0","1948-03","72.5"
"USW00014837","MADISON DANE CO REGIONAL AIRPORT, WI US","43.1405","-89.3452","264.0","1948-04","75.4"
"USW00014837","MADISON DANE CO REGIONAL AIRPORT, WI US","43.1405","-89.3452","264.0","1948-05","73.6"
"USW00014837","MADISON DANE CO REGIONAL AIRPORT, WI US","43.1405","-89.3452","264.0","1948-06","64.9"
"USW00014837","MADISON DANE CO REGIONAL AIRPORT, WI US","43.1405","-89.3452","264.0","1948-07","64.7"
"USW00014837","MADISON DANE CO REGIONAL AIRPORT, WI US","43.1405","-89.3452","264.0","1948-08","17.9"
"USW00014837","MADISON DANE CO REGIONAL AIRPORT, WI US","43.1405","-89.3452","264.0","1948-09","47.5"
"USW00014837","MADISON DANE CO REGIONAL AIRPORT, WI US","43.1405","-89.3452","264.0","1948-10","32.9"
"USW00014837","MADISON DANE CO REGIONAL AIRPORT, WI US","43.1405","-89.3452","264.0","1948-11","90.6"
"USW00014837","MADISON DANE CO REGIONAL AIRPORT, WI US","43.1405","-89.3452","264.0","1948-12","44.6"
"USW00014837","MADISON DANE CO REGIONAL AIRPORT, WI US","43.1405","-89.3452","264.0","1949-01","50.1"
"USW00014837","MADISON DANE CO REGIONAL AIRPORT, WI US","43.1405","-89.3452","264.0","1949-02","32.3"
"USW00014837","MADISON DANE CO REGIONAL AIRPORT, WI US","43.1405","-89.3452","264.0","1949-03","59.7"
"USW00014837","MADISON DANE CO REGIONAL AIRPORT, WI US","43.1405","-89.3452","264.0","1949-04","27.9"
"USW00014837","MADISON DANE CO REGIONAL AIRPORT, WI US","43.1405","-89.3452","264.0","1949-05","56.5"
"USW00014837","MADISON DANE CO REGIONAL AIRPORT, WI US","43.1405","-89.3452","264.0","1949-06","163.4"
"USW00014837","MADISON DANE CO REGIONAL AIRPORT, WI US","43.1405","-89.3452","264.0","1949-07","146.3"
"USW00014837","MADISON DANE CO REGIONAL AIRPORT, WI US","43.1405","-89.3452","264.0","1949-08","55.9"
"USW00014837","MADISON DANE CO REGIONAL AIRPORT, WI US","43.1405","-89.3452","264.0","1949-09","28.6"
"USW00014837","MADISON DANE CO REGIONAL AIRPORT, WI US","43.1405","-89.3452","264.0","1949-10","47.3"
"USW00014837","MADISON DANE CO REGIONAL AIRPORT, WI US","43.1405","-89.3452","264.0","1949-11","26.5"
"USW00014837","MADISON DANE CO REGIONAL AIRPORT, WI US","43.1405","-89.3452","264.0","1949-12","43.3"
"USW00014837","MADISON DANE CO REGIONAL AIRPORT, WI US","43.1405","-89.3452","264.0","1950-01","61.7"
"USW00014837","MADISON DANE CO REGIONAL AIRPORT, WI US","43.1405","-89.3452","264.0","1950-02","42.2"
"USW00014837","MADISON DANE CO REGIONAL AIRPORT, WI US","43.1405","-89.3452","264.0","1950-03","59.6"
"USW00014837","MADISON DANE CO REGIONAL AIRPORT, WI US","43.1405","-89.3452","264.0","1950-04","67.8"
"USW00014837","MADISON DANE CO REGIONAL AIRPORT, WI US","43.1405","-89.3452","264.0","1950-05","87.1"
"USW00014837","MADISON DANE CO REGIONAL AIRPORT, WI US","43.1405","-89.3452","264.0","1950-06","158.5"
"USW00014837","MADISON DANE CO REGIONAL AIRPORT, WI US","43.1405","-89.3452","264.0","1950-07","277.7"
"USW00014837","MADISON DANE CO REGIONAL AIRPORT, WI US","43.1405","-89.3452","264.0","1950-08","68.5"
"USW00014837","MADISON DANE CO REGIONAL AIRPORT, WI US","43.1405","-89.3452","264.0","1950-09","53.2"
"USW00014837","MADISON DANE CO REGIONAL AIRPORT, WI US","43.1405","-89.3452","264.0","1950-10","31.3"
"USW00014837","MADISON DANE CO REGIONAL AIRPORT, WI US","43.1405","-89.3452","264.0","1950-11","26.4"
"USW00014837","MADISON DANE CO REGIONAL AIRPORT, WI US","43.1405","-89.3452","264.0","1950-12","50.1"
"USW00014837","MADISON DANE CO REGIONAL AIRPORT, WI US","43.1405","-89.3452","264.0","1951-01","36.6"
"USW00014837","MADISON DANE CO REGIONAL AIRPORT, WI US","43.1405","-89.3452","264.0","1951-02","43.2"
"USW00014837","MADISON DANE CO REGIONAL AIRPORT, WI US","43.1405","-89.3452","264.0","1951-03","54.3"
"USW00014837","MADISON DANE CO REGIONAL AIRPORT, WI US","43.1405","-89.3452","264.0","1951-04","112.5"
"USW00014837","MADISON DANE CO REGIONAL AIRPORT, WI US","43.1405","-89.3452","264.0","1951-05","76.3"
"USW00014837","MADISON DANE CO REGIONAL AIRPORT, WI US","43.1405","-89.3452","264.0","1951-06","64.8"
"USW00014837","MADISON DANE CO REGIONAL AIRPORT, WI US","43.1405","-89.3452","264.0","1951-07","78.3"
"USW00014837","MADISON DANE CO REGIONAL AIRPORT, WI US","43.1405","-89.3452","264.0","1951-08","78.4"
"USW00014837","MADISON DANE CO REGIONAL AIRPORT, WI US","43.1405","-89.3452","264.0","1951-09","39.9"
"USW00014837","MADISON DANE CO REGIONAL AIRPORT, WI US","43.1405","-89.3452","264.0","1951-10","136.3"
"USW00014837","MADISON DANE CO REGIONAL AIRPORT, WI US","43.1405","-89.3452","264.0","1951-11","55.3"
"USW00014837","MADISON DANE CO REGIONAL AIRPORT, WI US","43.1405","-89.3452","264.0","1951-12","37.3"
"USW00014837","MADISON DANE CO REGIONAL AIRPORT, WI US","43.1405","-89.3452","264.0","1952-01","56.2"
"USW00014837","MADISON DANE CO REGIONAL AIRPORT, WI US","43.1405","-89.3452","264.0","1952-02","15.2"
"USW00014837","MADISON DANE CO REGIONAL AIRPORT, WI US","43.1405","-89.3452","264.0","1952-03","74.2"
"USW00014837","MADISON DANE CO REGIONAL AIRPORT, WI US","43.1405","-89.3452","264.0","1952-04","30.8"
"USW00014837","MADISON DANE CO REGIONAL AIRPORT, WI US","43.1405","-89.3452","264.0","1952-05","80.9"
"USW00014837","MADISON DANE CO REGIONAL AIRPORT, WI US","43.1405","-89.3452","264.0","1952-06","103.7"
"USW00014837","MADISON DANE CO REGIONAL AIRPORT, WI US","43.1405","-89.3452","264.0","1952-07","193.0"
"USW00014837","MADISON DANE CO REGIONAL AIRPORT, WI US","43.1405","-89.3452","264.0","1952-08","120.3"
"USW00014837","MADISON DANE CO REGIONAL AIRPORT, WI US","43.1405","-89.3452","264.0","1952-09","12.5"
"USW00014837","MADISON DANE CO REGIONAL AIRPORT, WI US","43.1405","-89.3452","264.0","1952-10","1.6"
"USW00014837","MADISON DANE CO REGIONAL AIRPORT, WI US","43.1405","-89.3452","264.0","1952-11","74.7"
"USW00014837","MADISON DANE CO REGIONAL AIRPORT, WI US","43.1405","-89.3452","264.0","1952-12","42.5"
"USW00014837","MADISON DANE CO REGIONAL AIRPORT, WI US","43.1405","-89.3452","264.0","1953-01","16.4"
"USW00014837","MADISON DANE CO REGIONAL AIRPORT, WI US","43.1405","-89.3452","264.0","1953-02","70.3"
"USW00014837","MADISON DANE CO REGIONAL AIRPORT, WI US","43.1405","-89.3452","264.0","1953-03","65.6"
"USW00014837","MADISON DANE CO REGIONAL AIRPORT, WI US","43.1405","-89.3452","264.0","1953-04","79.2"
"USW00014837","MADISON DANE CO REGIONAL AIRPORT, WI US","43.1405","-89.3452","264.0","1953-05","25.9"
"USW00014837","MADISON DANE CO REGIONAL AIRPORT, WI US","43.1405","-89.3452","264.0","1953-06","130.8"
"USW00014837","MADISON DANE CO REGIONAL AIRPORT, WI US","43.1405","-89.3452","264.0","1953-07","108.7"
"USW00014837","MADISON DANE CO REGIONAL AIRPORT, WI US","43.1405","-89.3452","264.0","1953-08","88.6"
"USW00014837","MADISON DANE CO REGIONAL AIRPORT, WI US","43.1405","-89.3452","264.0","1953-09","53.8"
"USW00014837","MADISON DANE CO REGIONAL AIRPORT, WI US","43.1405","-89.3452","264.0","1953-10","46.0"
"USW00014837","MADISON DANE CO REGIONAL AIRPORT, WI US","43.1405","-89.3452","264.0","1953-11","13.1"
"USW00014837","MADISON DANE CO REGIONAL AIRPORT, WI US","43.1405","-89.3452","264.0","1953-12","55.2"
"USW00014837","MADISON DANE CO REGIONAL AIRPORT, WI US","43.1405","-89.3452","264.0","1954-01","19.3"
"USW00014837","MADISON DANE CO REGIONAL AIRPORT, WI US","43.1405","-89.3452","264.0","1954-02","16.1"
"USW00014837","MADISON DANE CO REGIONAL AIRPORT, WI US","43.1405","-89.3452","264.0","1954-03","30.2"
"USW00014837","MADISON DANE CO REGIONAL AIRPORT, WI US","43.1405","-89.3452","264.0","1954-04","103.8"
"USW00014837","MADISON DANE CO REGIONAL AIRPORT, WI US","43.1405","-89.3452","264.0","1954-05","75.9"
"USW00014837","MADISON DANE CO REGIONAL AIRPORT, WI US","43.1405","-89.3452","264.0","1954-06","187.1"
"USW00014837","MADISON DANE CO REGIONAL AIRPORT, WI US","43.1405","-89.3452","264.0","1954-07","145.6"
"USW00014837","MADISON DANE CO REGIONAL AIRPORT, WI US","43.1405","-89.3452","264.0","1954-08","70.7"
"USW00014837","MADISON DANE CO REGIONAL AIRPORT, WI US","43.1405","-89.3452","264.0","1954-09","97.1"
"USW00014837","MADISON DANE CO REGIONAL AIRPORT, WI US","43.1405","-89.3452","264.0","1954-10","94.6"
"USW00014837","MADISON DANE CO REGIONAL AIRPORT, WI US","43.1405","-89.3452","264.0","1954-11","20.7"
"USW00014837","MADISON DANE CO REGIONAL AIRPORT, WI US","43.1405","-89.3452","264.0","1954-12","30.4"
"USW00014837","MADISON DANE CO REGIONAL AIRPORT, WI US","43.1405","-89.3452","264.0","1955-01","16.6"
"USW00014837","MADISON DANE CO REGIONAL AIRPORT, WI US","43.1405","-89.3452","264.0","1955-02","42.5"
"USW00014837","MADISON DANE CO REGIONAL AIRPORT, WI US","43.1405","-89.3452","264.0","1955-03","24.5"
"USW00014837","MADISON DANE CO REGIONAL AIRPORT, WI US","43.1405","-89.3452","264.0","1955-04","92.8"
"USW00014837","MADISON DANE CO REGIONAL AIRPORT, WI US","43.1405","-89.3452","264.0","1955-05","53.3"
"USW00014837","MADISON DANE CO REGIONAL AIRPORT, WI US","43.1405","-89.3452","264.0","1955-06","70.5"
"USW00014837","MADISON DANE CO REGIONAL AIRPORT, WI US","43.1405","-89.3452","264.0","1955-07","99.7"
"USW00014837","MADISON DANE CO REGIONAL AIRPORT, WI US","43.1405","-89.3452","264.0","1955-08","39.4"
"USW00014837","MADISON DANE CO REGIONAL AIRPORT, WI US","43.1405","-89.3452","264.0","1955-09","20.5"
"USW00014837","MADISON DANE CO REGIONAL AIRPORT, WI US","43.1405","-89.3452","264.0","1955-10","82.4"
"USW00014837","MADISON DANE CO REGIONAL AIRPORT, WI US","43.1405","-89.3452","264.0","1955-11","14.5"
"USW00014837","MADISON DANE CO REGIONAL AIRPORT, WI US","43.1405","-89.3452","264.0","1955-12","15.2"
"USW00014837","MADISON DANE CO REGIONAL AIRPORT, WI US","43.1405","-89.3452","264.0","1956-01","10.9"
"USW00014837","MADISON DANE CO REGIONAL AIRPORT, WI US","43.1405","-89.3452","264.0","1956-02","25.5"
"USW00014837","MADISON DANE CO REGIONAL AIRPORT, WI US","43.1405","-89.3452","264.0","1956-03","64.5"
"USW00014837","MADISON DANE CO REGIONAL AIRPORT, WI US","43.1405","-89.3452","264.0","1956-04","90.1"
"USW00014837","MADISON DANE CO REGIONAL AIRPORT, WI US","43.1405","-89.3452","264.0","1956-05","129.8"
"USW00014837","MADISON DANE CO REGIONAL AIRPORT, WI US","43.1405","-89.3452","264.0","1956-06","82.4"
"USW00014837","MADISON DANE CO REGIONAL AIRPORT, WI US","43.1405","-89.3452","264.0","1956-07","114.2"
"USW00014837","MADISON DANE CO REGIONAL AIRPORT, WI US","43.1405","-89.3452","264.0","1956-08","143.5"
"USW00014837","MADISON DANE CO REGIONAL AIRPORT, WI US","43.1405","-89.3452","264.0","1956-09","36.1"
"USW00014837","MADISON DANE CO REGIONAL AIRPORT, WI US","43.1405","-89.3452","264.0","1956-10","7.9"
"USW00014837","MADISON DANE CO REGIONAL AIRPORT, WI US","43.1405","-89.3452","264.0","1956-11","70.6"
"USW00014837","MADISON DANE CO REGIONAL AIRPORT, WI US","43.1405","-89.3452","264.0","1956-12","25.7"
"USW00014837","MADISON DANE CO REGIONAL AIRPORT, WI US","43.1405","-89.3452","264.0","1957-01","10.6"
"USW00014837","MADISON DANE CO REGIONAL AIRPORT, WI US","43.1405","-89.3452","264.0","1957-02","9.8"
"USW00014837","MADISON DANE CO REGIONAL AIRPORT, WI US","43.1405","-89.3452","264.0","1957-03","30.3"
"USW00014837","MADISON DANE CO REGIONAL AIRPORT, WI US","43.1405","-89.3452","264.0","1957-04","61.0"
"USW00014837","MADISON DANE CO REGIONAL AIRPORT, WI US","43.1405","-89.3452","264.0","1957-05","147.3"
"USW00014837","MADISON DANE CO REGIONAL AIRPORT, WI US","43.1405","-89.3452","264.0","1957-06","163.0"
"USW00014837","MADISON DANE CO REGIONAL AIRPORT, WI US","43.1405","-89.3452","264.0","1957-07","101.6"
"USW00014837","MADISON DANE CO REGIONAL AIRPORT, WI US","43.1405","-89.3452","264.0","1957-08","123.4"
"USW00014837","MADISON DANE CO REGIONAL AIRPORT, WI US","43.1405","-89.3452","264.0","1957-09","24.3"
"USW00014837","MADISON DANE CO REGIONAL AIRPORT, WI US","43.1405","-89.3452","264.0","1957-10","54.3"
"USW00014837","MADISON DANE CO REGIONAL AIRPORT, WI US","43.1405","-89.3452","264.0","1957-11","74.0"
"USW00014837","MADISON DANE CO REGIONAL AIRPORT, WI US","43.1405","-89.3452","264.0","1957-12","35.9"
"USW00014837","MADISON DANE CO REGIONAL AIRPORT, WI US","43.1405","-89.3452","264.0","1958-01","13.3"
"USW00014837","MADISON DANE CO REGIONAL AIRPORT, WI US","43.1405","-89.3452","264.0","1958-02","2.2"
"USW00014837","MADISON DANE CO REGIONAL AIRPORT, WI US","43.1405","-89.3452","264.0","1958-03","9.7"
"USW00014837","MADISON DANE CO REGIONAL AIRPORT, WI US","43.1405","-89.3452","264.0","1958-04","69.5"
"USW00014837","MADISON DANE CO REGIONAL AIRPORT, WI US","43.1405","-89.3452","264.0","1958-05","99.8"
"USW00014837","MADISON DANE CO REGIONAL AIRPORT, WI US","43.1405","-89.3452","264.0","1958-06","55.0"
"USW00014837","MADISON DANE CO REGIONAL AIRPORT, WI US","43.1405","-89.3452","264.0","1958-07","43.1"
"USW00014837","MADISON DANE CO REGIONAL AIRPORT, WI US","43.1405","-89.3452","264.0","1958-08","52.3"
"USW00014837","MADISON DANE CO REGIONAL AIRPORT, WI US","43.1405","-89.3452","264.0","1958-09","62.0"
"USW00014837","MADISON DANE CO REGIONAL AIRPORT, WI US","43.1405","-89.3452","264.0","1958-10","63.4"
"USW00014837","MADISON DANE CO REGIONAL AIRPORT, WI US","43.1405","-89.3452","264.0","1958-11","58.1"
"USW00014837","MADISON DANE CO REGIONAL AIRPORT, WI US","43.1405","-89.3452","264.0","1958-12","7.9"
"USW00014837","MADISON DANE CO REGIONAL AIRPORT, WI US","43.1405","-89.3452","264.0","1959-01","35.6"
"USW00014837","MADISON DANE CO REGIONAL AIRPORT, WI US","43.1405","-89.3452","264.0","1959-02","40.2"
"USW00014837","MADISON DANE CO REGIONAL AIRPORT, WI US","43.1405","-89.3452","264.0","1959-03","73.8"
"USW00014837","MADISON DANE CO REGIONAL AIRPORT, WI US","43.1405","-89.3452","264.0","1959-04","101.8"
"USW00014837","MADISON DANE CO REGIONAL AIRPORT, WI US","43.1405","-89.3452","264.0","1959-05","77.7"
"USW00014837","MADISON DANE CO REGIONAL AIRPORT, WI US","43.1405","-89.3452","264.0","1959-06","98.3"
"USW00014837","MADISON DANE CO REGIONAL AIRPORT, WI US","43.1405","-89.3452","264.0","1959-07","104.7"
"USW00014837","MADISON DANE CO REGIONAL AIRPORT, WI US","43.1405","-89.3452","264.0","1959-08","144.1"
"USW00014837","MADISON DANE CO REGIONAL AIRPORT, WI US","43.1405","-89.3452","264.0","1959-09","87.4"
"USW00014837","MADISON DANE CO REGIONAL AIRPORT, WI US","43.1405","-89.3452","264.0","1959-10","140.9"
"USW00014837","MADISON DANE CO REGIONAL AIRPORT, WI US","43.1405","-89.3452","264.0","1959-11","58.1"
"USW00014837","MADISON DANE CO REGIONAL AIRPORT, WI US","43.1405","-89.3452","264.0","1959-12","62.2"
"USW00014837","MADISON DANE CO REGIONAL AIRPORT, WI US","43.1405","-89.3452","264.0","1960-01","55.7"
"USW00014837","MADISON DANE CO REGIONAL AIRPORT, WI US","43.1405","-89.3452","264.0","1960-02","29.1"
"USW00014837","MADISON DANE CO REGIONAL AIRPORT, WI US","43.1405","-89.3452","264.0","1960-03","49.1"
"USW00014837","MADISON DANE CO REGIONAL AIRPORT, WI US","43.1405","-89.3452","264.0","1960-04","102.2"
"USW00014837","MADISON DANE CO REGIONAL AIRPORT, WI US","43.1405","-89.3452","264.0","1960-05","159.1"
"USW00014837","MADISON DANE CO REGIONAL AIRPORT, WI US","43.1405","-89.3452","264.0","1960-06","53.2"
"USW00014837","MADISON DANE CO REGIONAL AIRPORT, WI US","43.1405","-89.3452","264.0","1960-07","153.6"
"USW00014837","MADISON DANE CO REGIONAL AIRPORT, WI US","43.1405","-89.3452","264.0","1960-08","157.1"
"USW00014837","MADISON DANE CO REGIONAL AIRPORT, WI US","43.1405","-89.3452","264.0","1960-09","99.0"
"USW00014837","MADISON DANE CO REGIONAL AIRPORT, WI US","43.1405","-89.3452","264.0","1960-10","84.4"
"USW00014837","MADISON DANE CO REGIONAL AIRPORT, WI US","43.1405","-89.3452","264.0","1960-11","37.4"
"USW00014837","MADISON DANE CO REGIONAL AIRPORT, WI US","43.1405","-89.3452","264.0","1960-12","6.4"
"USW00014837","MADISON DANE CO REGIONAL AIRPORT, WI US","43.1405","-89.3452","264.0","1961-01","5.0"
"USW00014837","MADISON DANE CO REGIONAL AIRPORT, WI US","43.1405","-89.3452","264.0","1961-02","25.9"
"USW00014837","MADISON DANE CO REGIONAL AIRPORT, WI US","43.1405","-89.3452","264.0","1961-03","87.0"
"USW00014837","MADISON DANE CO REGIONAL AIRPORT, WI US","43.1405","-89.3452","264.0","1961-04","33.8"
"USW00014837","MADISON DANE CO REGIONAL AIRPORT, WI US","43.1405","-89.3452","264.0","1961-05","29.9"
"USW00014837","MADISON DANE CO REGIONAL AIRPORT, WI US","43.1405","-89.3452","264.0","1961-06","46.8"
"USW00014837","MADISON DANE CO REGIONAL AIRPORT, WI US","43.1405","-89.3452","264.0","1961-07","93.2"
"USW00014837","MADISON DANE CO REGIONAL AIRPORT, WI US","43.1405","-89.3452","264.0","1961-08","45.3"
"USW00014837","MADISON DANE CO REGIONAL AIRPORT, WI US","43.1405","-89.3452","264.0","1961-09","201.1"
"USW00014837","MADISON DANE CO REGIONAL AIRPORT, WI US","43.1405","-89.3452","264.0","1961-10","95.3"
"USW00014837","MADISON DANE CO REGIONAL AIRPORT, WI US","43.1405","-89.3452","264.0","1961-11","99.9"
"USW00014837","MADISON DANE CO REGIONAL AIRPORT, WI US","43.1405","-89.3452","264.0","1961-12","26.1"
"USW00014837","MADISON DANE CO REGIONAL AIRPORT, WI US","43.1405","-89.3452","264.0","1962-01","28.7"
"USW00014837","MADISON DANE CO REGIONAL AIRPORT, WI US","43.1405","-89.3452","264.0","1962-02","35.3"
"USW00014837","MADISON DANE CO REGIONAL AIRPORT, WI US","43.1405","-89.3452","264.0","1962-03","44.0"
"USW00014837","MADISON DANE CO REGIONAL AIRPORT, WI US","43.1405","-89.3452","264.0","1962-04","36.3"
"USW00014837","MADISON DANE CO REGIONAL AIRPORT, WI US","43.1405","-89.3452","264.0","1962-05","76.7"
"USW00014837","MADISON DANE CO REGIONAL AIRPORT, WI US","43.1405","-89.3452","264.0","1962-06","53.0"
"USW00014837","MADISON DANE CO REGIONAL AIRPORT, WI US","43.1405","-89.3452","264.0","1962-07","111.8"
"USW00014837","MADISON DANE CO REGIONAL AIRPORT, WI US","43.1405","-89.3452","264.0","1962-08","51.9"
"USW00014837","MADISON DANE CO REGIONAL AIRPORT, WI US","43.1405","-89.3452","264.0","1962-09","33.4"
"USW00014837","MADISON DANE CO REGIONAL AIRPORT, WI US","43.1405","-89.3452","264.0","1962-10","42.9"
"USW00014837","MADISON DANE CO REGIONAL AIRPORT, WI US","43.1405","-89.3452","264.0","1962-11","8.8"
"USW00014837","MADISON DANE CO REGIONAL AIRPORT, WI US","43.1405","-89.3452","264.0","1962-12","22.9"
"USW00014837","MADISON DANE CO REGIONAL AIRPORT, WI US","43.1405","-89.3452","264.0","1963-01","19.5"
"USW00014837","MADISON DANE CO REGIONAL AIRPORT, WI US","43.1405","-89.3452","264.0","1963-02","9.9"
"USW00014837","MADISON DANE CO REGIONAL AIRPORT, WI US","43.1405","-89.3452","264.0","1963-03","59.4"
"USW00014837","MADISON DANE CO REGIONAL AIRPORT, WI US","43.1405","-89.3452","264.0","1963-04","42.4"
"USW00014837","MADISON DANE CO REGIONAL AIRPORT, WI US","43.1405","-89.3452","264.0","1963-05","46.2"
"USW00014837","MADISON DANE CO REGIONAL AIRPORT, WI US","43.1405","-89.3452","264.0","1963-06","206.9"
"USW00014837","MADISON DANE CO REGIONAL AIRPORT, WI US","43.1405","-89.3452","264.0","1963-07","58.3"
"USW00014837","MADISON DANE CO REGIONAL AIRPORT, WI US","43.1405","-89.3452","264.0","1963-08","81.9"
"USW00014837","MADISON DANE CO REGIONAL AIRPORT, WI US","43.1405","-89.3452","264.0","1963-09","58.5"
"USW00014837","MADISON DANE CO REGIONAL AIRPORT, WI US","43.1405","-89.3452","264.0","1963-10","16.4"
"USW00014837","MADISON DANE CO REGIONAL AIRPORT, WI US","43.1405","-89.3452","264.0","1963-11","49.7"
"USW00014837","MADISON DANE CO REGIONAL AIRPORT, WI US","43.1405","-89.3452","264.0","1963-12","16.6"
"USW00014837","MADISON DANE CO REGIONAL AIRPORT, WI US","43.1405","-89.3452","264.0","1964-01","23.7"
"USW00014837","MADISON DANE CO REGIONAL AIRPORT, WI US","43.1405","-89.3452","264.0","1964-02","6.6"
"USW00014837","MADISON DANE CO REGIONAL AIRPORT, WI US","43.1405","-89.3452","264.0","1964-03","54.0"
"USW00014837","MADISON DANE CO REGIONAL AIRPORT, WI US","43.1405","-89.3452","264.0","1964-04","80.0"
"USW00014837","MADISON DANE CO REGIONAL AIRPORT, WI US","43.1405","-89.3452","264.0","1964-05","98.1"
"USW00014837","MADISON DANE CO REGIONAL AIRPORT, WI US","43.1405","-89.3452","264.0","1964-06","58.0"
"USW00014837","MADISON DANE CO REGIONAL AIRPORT, WI US","43.1405","-89.3452","264.0","1964-07","108.6"
"USW00014837","MADISON DANE CO REGIONAL AIRPORT, WI US","43.1405","-89.3452","264.0","1964-08","64.0"
"USW00014837","MADISON DANE CO REGIONAL AIRPORT, WI US","43.1405","-89.3452","264.0","1964-09","46.9"
"USW00014837","MADISON DANE CO REGIONAL AIRPORT, WI US","43.1405","-89.3452","264.0","1964-10","2.1"
"USW00014837","MADISON DANE CO REGIONAL AIRPORT, WI US","43.1405","-89.3452","264.0","1964-11","49.3"
"USW00014837","MADISON DANE CO REGIONAL AIRPORT, WI US","43.1405","-89.3452","264.0","1964-12","8.7"
"USW00014837","MADISON DANE CO REGIONAL AIRPORT, WI US","43.1405","-89.3452","264.0","1965-01","46.0"
"USW00014837","MADISON DANE CO REGIONAL AIRPORT, WI US","43.1405","-89.3452","264.0","1965-02","18.7"
"USW00014837","MADISON DANE CO REGIONAL AIRPORT, WI US","43.1405","-89.3452","264.0","1965-03","63.9"
"USW00014837","MADISON DANE CO REGIONAL AIRPORT, WI US","43.1405","-89.3452","264.0","1965-04","74.7"
"USW00014837","MADISON DANE CO REGIONAL AIRPORT, WI US","43.1405","-89.3452","264.0","1965-05","47.4"
"USW00014837","MADISON DANE CO REGIONAL AIRPORT, WI US","43.1405","-89.3452","264.0","1965-06","58.7"
"USW00014837","MADISON DANE CO REGIONAL AIRPORT, WI US","43.1405","-89.3452","264.0","1965-07","84.0"
"USW00014837","MADISON DANE CO REGIONAL AIRPORT, WI US","43.1405","-89.3452","264.0","1965-08","172.1"
"USW00014837","MADISON DANE CO REGIONAL AIRPORT, WI US","43.1405","-89.3452","264.0","1965-09","234.2"
"USW00014837","MADISON DANE CO REGIONAL AIRPORT, WI US","43.1405","-89.3452","264.0","1965-10","43.0"
"USW00014837","MADISON DANE CO REGIONAL AIRPORT, WI US","43.1405","-89.3452","264.0","1965-11","49.9"
"USW00014837","MADISON DANE CO REGIONAL AIRPORT, WI US","43.1405","-89.3452","264.0","1965-12","63.5"
"USW00014837","MADISON DANE CO REGIONAL AIRPORT, WI US","43.1405","-89.3452","264.0","1966-01","27.4"
"USW00014837","MADISON DANE CO REGIONAL AIRPORT, WI US","43.1405","-89.3452","264.0","1966-02","34.6"
"USW00014837","MADISON DANE CO REGIONAL AIRPORT, WI US","43.1405","-89.3452","264.0","1966-03","53.7"
"USW00014837","MADISON DANE CO REGIONAL AIRPORT, WI US","43.1405","-89.3452","264.0","1966-04","39.2"
"USW00014837","MADISON DANE CO REGIONAL AIRPORT, WI US","43.1405","-89.3452","264.0","1966-05","109.6"
"USW00014837","MADISON DANE CO REGIONAL AIRPORT, WI US","43.1405","-89.3452","264.0","1966-06","74.2"
"USW00014837","MADISON DANE CO REGIONAL AIRPORT, WI US","43.1405","-89.3452","264.0","1966-07","82.3"
"USW00014837","MADISON DANE CO REGIONAL AIRPORT, WI US","43.1405","-89.3452","264.0","1966-08","97.4"
"USW00014837","MADISON DANE CO REGIONAL AIRPORT, WI US","43.1405","-89.3452","264.0","1966-09","13.0"
"USW00014837","MADISON DANE CO REGIONAL AIRPORT, WI US","43.1405","-89.3452","264.0","1966-10","42.0"
"USW00014837","MADISON DANE CO REGIONAL AIRPORT, WI US","43.1405","-89.3452","264.0","1966-11","32.7"
"USW00014837","MADISON DANE CO REGIONAL AIRPORT, WI US","43.1405","-89.3452","264.0","1966-12","66.7"
"USW00014837","MADISON DANE CO REGIONAL AIRPORT, WI US","43.1405","-89.3452","264.0","1967-01","41.6"
"USW00014837","MADISON DANE CO REGIONAL AIRPORT, WI US","43.1405","-89.3452","264.0","1967-02","29.8"
"USW00014837","MADISON DANE CO REGIONAL AIRPORT, WI US","43.1405","-89.3452","264.0","1967-03","37.9"
"USW00014837","MADISON DANE CO REGIONAL AIRPORT, WI US","43.1405","-89.3452","264.0","1967-04","65.5"
"USW00014837","MADISON DANE CO REGIONAL AIRPORT, WI US","43.1405","-89.3452","264.0","1967-05","89.9"
"USW00014837","MADISON DANE CO REGIONAL AIRPORT, WI US","43.1405","-89.3452","264.0","1967-06","164.2"
"USW00014837","MADISON DANE CO REGIONAL AIRPORT, WI US","43.1405","-89.3452","264.0","1967-07","63.8"
"USW00014837","MADISON DANE CO REGIONAL AIRPORT, WI US","43.1405","-89.3452","264.0","1967-08","68.9"
"USW00014837","MADISON DANE CO REGIONAL AIRPORT, WI US","43.1405","-89.3452","264.0","1967-09","68.1"
"USW00014837","MADISON DANE CO REGIONAL AIRPORT, WI US","43.1405","-89.3452","264.0","1967-10","140.2"
"USW00014837","MADISON DANE CO REGIONAL AIRPORT, WI US","43.1405","-89.3452","264.0","1967-11","46.5"
"USW00014837","MADISON DANE CO REGIONAL AIRPORT, WI US","43.1405","-89.3452","264.0","1967-12","48.1"
"USW00014837","MADISON DANE CO REGIONAL AIRPORT, WI US","43.1405","-89.3452","264.0","1968-01","14.4"
"USW00014837","MADISON DANE CO REGIONAL AIRPORT, WI US","43.1405","-89.3452","264.0","1968-02","12.4"
"USW00014837","MADISON DANE CO REGIONAL AIRPORT, WI US","43.1405","-89.3452","264.0","1968-03","15.0"
"USW00014837","MADISON DANE CO REGIONAL AIRPORT, WI US","43.1405","-89.3452","264.0","1968-04","106.2"
"USW00014837","MADISON DANE CO REGIONAL AIRPORT, WI US","43.1405","-89.3452","264.0","1968-05","51.4"
"USW00014837","MADISON DANE CO REGIONAL AIRPORT, WI US","43.1405","-89.3452","264.0","1968-06","198.8"
"USW00014837","MADISON DANE CO REGIONAL AIRPORT, WI US","43.1405","-89.3452","264.0","1968-07","64.7"
"USW00014837","MADISON DANE CO REGIONAL AIRPORT, WI US","43.1405","-89.3452","264.0","1968-08","65.5"
"USW00014837","MADISON DANE CO REGIONAL AIRPORT, WI US","43.1405","-89.3452","264.0","1968-09","113.0"
"USW00014837","MADISON DANE CO REGIONAL AIRPORT, WI US","43.1405","-89.3452","264.0","1968-10","21.7"
"USW00014837","MADISON DANE CO REGIONAL AIRPORT, WI US","43.1405","-89.3452","264.0","1968-11","44.3"
"USW00014837","MADISON DANE CO REGIONAL AIRPORT, WI US","43.1405","-89.3452","264.0","1968-12","73.3"
"USW00014837","MADISON DANE CO REGIONAL AIRPORT, WI US","43.1405","-89.3452","264.0","1969-01","57.4"
"USW00014837","MADISON DANE CO REGIONAL AIRPORT, WI US","43.1405","-89.3452","264.0","1969-02","4.6"
"USW00014837","MADISON DANE CO REGIONAL AIRPORT, WI US","43.1405","-89.3452","264.0","1969-03","37.5"
"USW00014837","MADISON DANE CO REGIONAL AIRPORT, WI US","43.1405","-89.3452","264.0","1969-04","69.1"
"USW00014837","MADISON DANE CO REGIONAL AIRPORT, WI US","43.1405","-89.3452","264.0","1969-05","87.9"
"USW00014837","MADISON DANE CO REGIONAL AIRPORT, WI US","43.1405","-89.3452","264.0","1969-06","202.3"
"USW00014837","MADISON DANE CO REGIONAL AIRPORT, WI US","43.1405","-89.3452","264.0","1969-07","109.0"
"USW00014837","MADISON DANE CO REGIONAL AIRPORT, WI US","43.1405","-89.3452","264.0","1969-08","24.5"
"USW00014837","MADISON DANE CO REGIONAL AIRPORT, WI US","43.1405","-89.3452","264.0","1969-09","34.5"
"USW00014837","MADISON DANE CO REGIONAL AIRPORT, WI US","43.1405","-89.3452","264.0","1969-10","67.5"
"USW00014837","MADISON DANE CO REGIONAL AIRPORT, WI US","43.1405","-89.3452","264.0","1969-11","17.9"
"USW00014837","MADISON DANE CO REGIONAL AIRPORT, WI US","43.1405","-89.3452","264.0","1969-12","42.2"
"USW00014837","MADISON DANE CO REGIONAL AIRPORT, WI US","43.1405","-89.3452","264.0","1970-01","11.4"
"USW00014837","MADISON DANE CO REGIONAL AIRPORT, WI US","43.1405","-89.3452","264.0","1970-02","4.1"
"USW00014837","MADISON DANE CO REGIONAL AIRPORT, WI US","43.1405","-89.3452","264.0","1970-03","29.7"
"USW00014837","MADISON DANE CO REGIONAL AIRPORT, WI US","43.1405","-89.3452","264.0","1970-04","64.2"
"USW00014837","MADISON DANE CO REGIONAL AIRPORT, WI US","43.1405","-89.3452","264.0","1970-05","154.7"
"USW00014837","MADISON DANE CO REGIONAL AIRPORT, WI US","43.1405","-89.3452","264.0","1970-06","57.4"
"USW00014837","MADISON DANE CO REGIONAL AIRPORT, WI US","43.1405","-89.3452","264.0","1970-07","61.7"
"USW00014837","MADISON DANE CO REGIONAL AIRPORT, WI US","43.1405","-89.3452","264.0","1970-08","24.7"
"USW00014837","MADISON DANE CO REGIONAL AIRPORT, WI US","43.1405","-89.3452","264.0","1970-09","223.9"
"USW00014837","MADISON DANE CO REGIONAL AIRPORT, WI US","43.1405","-89.3452","264.0","1970-10","67.5"
"USW00014837","MADISON DANE CO REGIONAL AIRPORT, WI US","43.1405","-89.3452","264.0","1970-11","27.0"
"USW00014837","MADISON DANE CO REGIONAL AIRPORT, WI US","43.1405","-89.3452","264.0","1970-12","53.9"
"USW00014837","MADISON DANE CO REGIONAL AIRPORT, WI US","43.1405","-89.3452","264.0","1971-01","37.7"
"USW00014837","MADISON DANE CO REGIONAL AIRPORT, WI US","43.1405","-89.3452","264.0","1971-02","66.0"
"USW00014837","MADISON DANE CO REGIONAL AIRPORT, WI US","43.1405","-89.3452","264.0","1971-03","38.6"
"USW00014837","MADISON DANE CO REGIONAL AIRPORT, WI US","43.1405","-89.3452","264.0","1971-04","61.4"
"USW00014837","MADISON DANE CO REGIONAL AIRPORT, WI US","43.1405","-89.3452","264.0","1971-05","24.9"
"USW00014837","MADISON DANE CO REGIONAL AIRPORT, WI US","43.1405","-89.3452","264.0","1971-06","57.7"
"USW00014837","MADISON DANE CO REGIONAL AIRPORT, WI US","43.1405","-89.3452","264.0","1971-07","41.8"
"USW00014837","MADISON DANE CO REGIONAL AIRPORT, WI US","43.1405","-89.3452","264.0","1971-08","100.7"
"USW00014837","MADISON DANE CO REGIONAL AIRPORT, WI US","43.1405","-89.3452","264.0","1971-09","47.5"
"USW00014837","MADISON DANE CO REGIONAL AIRPORT, WI US","43.1405","-89.3452","264.0","1971-10","33.1"
"USW00014837","MADISON DANE CO REGIONAL AIRPORT, WI US","43.1405","-89.3452","264.0","1971-11","88.5"
"USW00014837","MADISON DANE CO REGIONAL AIRPORT, WI US","43.1405","-89.3452","264.0","1971-12","92.5"
"USW00014837","MADISON DANE CO REGIONAL AIRPORT, WI US","43.1405","-89.3452","264.0","1972-01","10.3"
"USW00014837","MADISON DANE CO REGIONAL AIRPORT, WI US","43.1405","-89.3452","264.0","1972-02","10.8"
"USW00014837","MADISON DANE CO REGIONAL AIRPORT, WI US","43.1405","-89.3452","264.0","1972-03","56.5"
"USW00014837","MADISON DANE CO REGIONAL AIRPORT, WI US","43.1405","-89.3452","264.0","1972-04","51.5"
"USW00014837","MADISON DANE CO REGIONAL AIRPORT, WI US","43.1405","-89.3452","264.0","1972-05","71.9"
"USW00014837","MADISON DANE CO REGIONAL AIRPORT, WI US","43.1405","-89.3452","264.0","1972-06","42.0"
"USW00014837","MADISON DANE CO REGIONAL AIRPORT, WI US","43.1405","-89.3452","264.0","1972-07","88.6"
"USW00014837","MADISON DANE CO REGIONAL AIRPORT, WI US","43.1405","-89.3452","264.0","1972-08","189.9"
"USW00014837","MADISON DANE CO REGIONAL AIRPORT, WI US","43.1405","-89.3452","264.0","1972-09","133.5"
"USW00014837","MADISON DANE CO REGIONAL AIRPORT, WI US","43.1405","-89.3452","264.0","1972-10","61.4"
"USW00014837","MADISON DANE CO REGIONAL AIRPORT, WI US","43.1405","-89.3452","264.0","1972-11","21.9"
"USW00014837","MADISON DANE CO REGIONAL AIRPORT, WI US","43.1405","-89.3452","264.0","1972-12","48.5"
"USW00014837","MADISON DANE CO REGIONAL AIRPORT, WI US","43.1405","-89.3452","264.0","1973-01","39.3"
"USW00014837","MADISON DANE CO REGIONAL AIRPORT, WI US","43.1405","-89.3452","264.0","1973-02","30.4"
"USW00014837","MADISON DANE CO REGIONAL AIRPORT, WI US","43.1405","-89.3452","264.0","1973-03","128.1"
"USW00014837","MADISON DANE CO REGIONAL AIRPORT, WI US","43.1405","-89.3452","264.0","1973-04","180.7"
"USW00014837","MADISON DANE CO REGIONAL AIRPORT, WI US","43.1405","-89.3452","264.0","1973-05","134.2"
"USW00014837","MADISON DANE CO REGIONAL AIRPORT, WI US","43.1405","-89.3452","264.0","1973-06","20.6"
"USW00014837","MADISON DANE CO REGIONAL AIRPORT, WI US","43.1405","-89.3452","264.0","1973-07","68.1"
"USW00014837","MADISON DANE CO REGIONAL AIRPORT, WI US","43.1405","-89.3452","264.0","1973-08","64.4"
"USW00014837","MADISON DANE CO REGIONAL AIRPORT, WI US","43.1405","-89.3452","264.0","1973-09","91.2"
"USW00014837","MADISON DANE CO REGIONAL AIRPORT, WI US","43.1405","-89.3452","264.0","1973-10","58.4"
"USW00014837","MADISON DANE CO REGIONAL AIRPORT, WI US","43.1405","-89.3452","264.0","1973-11","37.5"
"USW00014837","MADISON DANE CO REGIONAL AIRPORT, WI US","43.1405","-89.3452","264.0","1973-12","50.3"
"USW00014837","MADISON DANE CO REGIONAL AIRPORT, WI US","43.1405","-89.3452","264.0","1974-01","62.2"
"USW00014837","MADISON DANE CO REGIONAL AIRPORT, WI US","43.1405","-89.3452","264.0","1974-02","29.9"
"USW00014837","MADISON DANE CO REGIONAL AIRPORT, WI US","43.1405","-89.3452","264.0","1974-03","87.1"
"USW00014837","MADISON DANE CO REGIONAL AIRPORT, WI US","43.1405","-89.3452","264.0","1974-04","107.7"
"USW00014837","MADISON DANE CO REGIONAL AIRPORT, WI US","43.1405","-89.3452","264.0","1974-05","146.6"
"USW00014837","MADISON DANE CO REGIONAL AIRPORT, WI US","43.1405","-89.3452","264.0","1974-06","98.1"
"USW00014837","MADISON DANE CO REGIONAL AIRPORT, WI US","43.1405","-89.3452","264.0","1974-07","68.4"
"USW00014837","MADISON DANE CO REGIONAL AIRPORT, WI US","43.1405","-89.3452","264.0","1974-08","117.0"
"USW00014837","MADISON DANE CO REGIONAL AIRPORT, WI US","43.1405","-89.3452","264.0","1974-09","27.5"
"USW00014837","MADISON DANE CO REGIONAL AIRPORT, WI US","43.1405","-89.3452","264.0","1974-10","80.8"
"USW00014837","MADISON DANE CO REGIONAL AIRPORT, WI US","43.1405","-89.3452","264.0","1974-11","45.6"
"USW00014837","MADISON DANE CO REGIONAL AIRPORT, WI US","43.1405","-89.3452","264.0","1974-12","45.9"
"USW00014837","MADISON DANE CO REGIONAL AIRPORT, WI US","43.1405","-89.3452","264.0","1975-01","24.9"
"USW00014837","MADISON DANE CO REGIONAL AIRPORT, WI US","43.1405","-89.3452","264.0","1975-02","39.3"
"USW00014837","MADISON DANE CO REGIONAL AIRPORT, WI US","43.1405","-89.3452","264.0","1975-03","78.6"
"USW00014837","MADISON DANE CO REGIONAL AIRPORT, WI US","43.1405","-89.3452","264.0","1975-04","106.4"
"USW00014837","MADISON DANE CO REGIONAL AIRPORT, WI US","43.1405","-89.3452","264.0","1975-05","116.2"
"USW00014837","MADISON DANE CO REGIONAL AIRPORT, WI US","43.1405","-89.3452","264.0","1975-06","109.5"
"USW00014837","MADISON DANE CO REGIONAL AIRPORT, WI US","43.1405","-89.3452","264.0","1975-07","153.7"
"USW00014837","MADISON DANE CO REGIONAL AIRPORT, WI US","43.1405","-89.3452","264.0","1975-08","133.5"
"USW00014837","MADISON DANE CO REGIONAL AIRPORT, WI US","43.1405","-89.3452","264.0","1975-09","21.5"
"USW00014837","MADISON DANE CO REGIONAL AIRPORT, WI US","43.1405","-89.3452","264.0","1975-10","16.3"
"USW00014837","MADISON DANE CO REGIONAL AIRPORT, WI US","43.1405","-89.3452","264.0","1975-11","70.9"
"USW00014837","MADISON DANE CO REGIONAL AIRPORT, WI US","43.1405","-89.3452","264.0","1975-12","7.4"
"USW00014837","MADISON DANE CO REGIONAL AIRPORT, WI US","43.1405","-89.3452","264.0","1976-01","14.5"
"USW00014837","MADISON DANE CO REGIONAL AIRPORT, WI US","43.1405","-89.3452","264.0","1976-02","43.8"
"USW00014837","MADISON DANE CO REGIONAL AIRPORT, WI US","43.1405","-89.3452","264.0","1976-03","121.0"
"USW00014837","MADISON DANE CO REGIONAL AIRPORT, WI US","43.1405","-89.3452","264.0","1976-04","121.9"
"USW00014837","MADISON DANE CO REGIONAL AIRPORT, WI US","43.1405","-89.3452","264.0","1976-05","49.5"
"USW00014837","MADISON DANE CO REGIONAL AIRPORT, WI US","43.1405","-89.3452","264.0","1976-06","35.1"
"USW00014837","MADISON DANE CO REGIONAL AIRPORT, WI US","43.1405","-89.3452","264.0","1976-07","37.1"
"USW00014837","MADISON DANE CO REGIONAL AIRPORT, WI US","43.1405","-89.3452","264.0","1976-08","50.6"
"USW00014837","MADISON DANE CO REGIONAL AIRPORT, WI US","43.1405","-89.3452","264.0","1976-09","12.7"
"USW00014837","MADISON DANE CO REGIONAL AIRPORT, WI US","43.1405","-89.3452","264.0","1976-10","37.7"
"USW00014837","MADISON DANE CO REGIONAL AIRPORT, WI US","43.1405","-89.3452","264.0","1976-11","2.8"
"USW00014837","MADISON DANE CO REGIONAL AIRPORT, WI US","43.1405","-89.3452","264.0","1976-12","9.4"
"USW00014837","MADISON DANE CO REGIONAL AIRPORT, WI US","43.1405","-89.3452","264.0","1977-01","13.7"
"USW00014837","MADISON DANE CO REGIONAL AIRPORT, WI US","43.1405","-89.3452","264.0","1977-02","36.5"
"USW00014837","MADISON DANE CO REGIONAL AIRPORT, WI US","43.1405","-89.3452","264.0","1977-03","76.9"
"USW00014837","MADISON DANE CO REGIONAL AIRPORT, WI US","43.1405","-89.3452","264.0","1977-04","65.9"
"USW00014837","MADISON DANE CO REGIONAL AIRPORT, WI US","43.1405","-89.3452","264.0","1977-05","64.0"
"USW00014837","MADISON DANE CO REGIONAL AIRPORT, WI US","43.1405","-89.3452","264.0","1977-06","66.8"
"USW00014837","MADISON DANE CO REGIONAL AIRPORT, WI US","43.1405","-89.3452","264.0","1977-07","168.4"
"USW00014837","MADISON DANE CO REGIONAL AIRPORT, WI US","43.1405","-89.3452","264.0","1977-08","131.8"
"USW00014837","MADISON DANE CO REGIONAL AIRPORT, WI US","43.1405","-89.3452","264.0","1977-09","72.1"
"USW00014837","MADISON DANE CO REGIONAL AIRPORT, WI US","43.1405","-89.3452","264.0","1977-10","35.8"
"USW00014837","MADISON DANE CO REGIONAL AIRPORT, WI US","43.1405","-89.3452","264.0","1977-11","53.9"
"USW00014837","MADISON DANE CO REGIONAL AIRPORT, WI US","43.1405","-89.3452","264.0","1977-12","40.7"
"USW00014837","MADISON DANE CO REGIONAL AIRPORT, WI US","43.1405","-89.3452","264.0","1978-01","26.3"
"USW00014837","MADISON DANE CO REGIONAL AIRPORT, WI US","43.1405","-89.3452","264.0","1978-02","6.2"
"USW00014837","MADISON DANE CO REGIONAL AIRPORT, WI US","43.1405","-89.3452","264.0","1978-03","7.1"
"USW00014837","MADISON DANE CO REGIONAL AIRPORT, WI US","43.1405","-89.3452","264.0","1978-04","88.9"
"USW00014837","MADISON DANE CO REGIONAL AIRPORT, WI US","43.1405","-89.3452","264.0","1978-05","100.5"
"USW00014837","MADISON DANE CO REGIONAL AIRPORT, WI US","43.1405","-89.3452","264.0","1978-06","252.7"
"USW00014837","MADISON DANE CO REGIONAL AIRPORT, WI US","43.1405","-89.3452","264.0","1978-07","115.4"
"USW00014837","MADISON DANE CO REGIONAL AIRPORT, WI US","43.1405","-89.3452","264.0","1978-08","41.5"
"USW00014837","MADISON DANE CO REGIONAL AIRPORT, WI US","43.1405","-89.3452","264.0","1978-09","138.3"
"USW00014837","MADISON DANE CO REGIONAL AIRPORT, WI US","43.1405","-89.3452","264.0","1978-10","28.1"
"USW00014837","MADISON DANE CO REGIONAL AIRPORT, WI US","43.1405","-89.3452","264.0","1978-11","77.5"
"USW00014837","MADISON DANE CO REGIONAL AIRPORT, WI US","43.1405","-89.3452","264.0","1978-12","43.7"
"USW00014837","MADISON DANE CO REGIONAL AIRPORT, WI US","43.1405","-89.3452","264.0","1979-01","43.0"
"USW00014837","MADISON DANE CO REGIONAL AIRPORT, WI US","43.1405","-89.3452","264.0","1979-02","23.0"
"USW00014837","MADISON DANE CO REGIONAL AIRPORT, WI US","43.1405","-89.3452","264.0","1979-03","67.8"
"USW00014837","MADISON DANE CO REGIONAL AIRPORT, WI US","43.1405","-89.3452","264.0","1979-04","62.4"
"USW00014837","MADISON DANE CO REGIONAL AIRPORT, WI US","43.1405","-89.3452","264.0","1979-05","68.6"
"USW00014837","MADISON DANE CO REGIONAL AIRPORT, WI US","43.1405","-89.3452","264.0","1979-06","64.2"
"USW00014837","MADISON DANE CO REGIONAL AIRPORT, WI US","43.1405","-89.3452","264.0","1979-07","71.0"
"USW00014837","MADISON DANE CO REGIONAL AIRPORT, WI US","43.1405","-89.3452","264.0","1979-08","126.0"
"USW00014837","MADISON DANE CO REGIONAL AIRPORT, WI US","43.1405","-89.3452","264.0","1979-09","2.8"
"USW00014837","MADISON DANE CO REGIONAL AIRPORT, WI US","43.1405","-89.3452","264.0","1979-10","78.8"
"USW00014837","MADISON DANE CO REGIONAL AIRPORT, WI US","43.1405","-89.3452","264.0","1979-11","57.8"
"USW00014837","MADISON DANE CO REGIONAL AIRPORT, WI US","43.1405","-89.3452","264.0","1979-12","49.1"
"USW00014837","MADISON DANE CO REGIONAL AIRPORT, WI US","43.1405","-89.3452","264.0","1980-01","28.3"
"USW00014837","MADISON DANE CO REGIONAL AIRPORT, WI US","43.1405","-89.3452","264.0","1980-02","16.2"
"USW00014837","MADISON DANE CO REGIONAL AIRPORT, WI US","43.1405","-89.3452","264.0","1980-03","17.4"
"USW00014837","MADISON DANE CO REGIONAL AIRPORT, WI US","43.1405","-89.3452","264.0","1980-04","59.9"
"USW00014837","MADISON DANE CO REGIONAL AIRPORT, WI US","43.1405","-89.3452","264.0","1980-05","52.8"
"USW00014837","MADISON DANE CO REGIONAL AIRPORT, WI US","43.1405","-89.3452","264.0","1980-06","87.2"
"USW00014837","MADISON DANE CO REGIONAL AIRPORT, WI US","43.1405","-89.3452","264.0","1980-07","67.8"
"USW00014837","MADISON DANE CO REGIONAL AIRPORT, WI US","43.1405","-89.3452","264.0","1980-08","241.1"
"USW00014837","MADISON DANE CO REGIONAL AIRPORT, WI US","43.1405","-89.3452","264.0","1980-09","199.2"
"USW00014837","MADISON DANE CO REGIONAL AIRPORT, WI US","43.1405","-89.3452","264.0","1980-10","28.7"
"USW00014837","MADISON DANE CO REGIONAL AIRPORT, WI US","43.1405","-89.3452","264.0","1980-11","33.8"
"USW00014837","MADISON DANE CO REGIONAL AIRPORT, WI US","43.1405","-89.3452","264.0","1980-12","41.2"
"USW00014837","MADISON DANE CO REGIONAL AIRPORT, WI US","43.1405","-89.3452","264.0","1981-01","3.7"
"USW00014837","MADISON DANE CO REGIONAL AIRPORT, WI US","43.1405","-89.3452","264.0","1981-02","62.9"
"USW00014837","MADISON DANE CO REGIONAL AIRPORT, WI US","43.1405","-89.3452","264.0","1981-03","8.3"
"USW00014837","MADISON DANE CO REGIONAL AIRPORT, WI US","43.1405","-89.3452","264.0","1981-04","86.9"
"USW00014837","MADISON DANE CO REGIONAL AIRPORT, WI US","43.1405","-89.3452","264.0","1981-05","16.2"
"USW00014837","MADISON DANE CO REGIONAL AIRPORT, WI US","43.1405","-89.3452","264.0","1981-06","126.8"
"USW00014837","MADISON DANE CO REGIONAL AIRPORT, WI US","43.1405","-89.3452","264.0","1981-07","122.1"
"USW00014837","MADISON DANE CO REGIONAL AIRPORT, WI US","43.1405","-89.3452","264.0","1981-08","179.3"
"USW00014837","MADISON DANE CO REGIONAL AIRPORT, WI US","43.1405","-89.3452","264.0","1981-09","78.7"
"USW00014837","MADISON DANE CO REGIONAL AIRPORT, WI US","43.1405","-89.3452","264.0","1981-10","68.2"
"USW00014837","MADISON DANE CO REGIONAL AIRPORT, WI US","43.1405","-89.3452","264.0","1981-11","43.5"
"USW00014837","MADISON DANE CO REGIONAL AIRPORT, WI US","43.1405","-89.3452","264.0","1981-12","19.1"
"USW00014837","MADISON DANE CO REGIONAL AIRPORT, WI US","43.1405","-89.3452","264.0","1982-01","36.0"
"USW00014837","MADISON DANE CO REGIONAL AIRPORT, WI US","43.1405","-89.3452","264.0","1982-02","4.4"
"USW00014837","MADISON DANE CO REGIONAL AIRPORT, WI US","43.1405","-89.3452","264.0","1982-03","53.6"
"USW00014837","MADISON DANE CO REGIONAL AIRPORT, WI US","43.1405","-89.3452","264.0","1982-04","82.8"
"USW00014837","MADISON DANE CO REGIONAL AIRPORT, WI US","43.1405","-89.3452","264.0","1982-05","110.3"
"USW00014837","MADISON DANE CO REGIONAL AIRPORT, WI US","43.1405","-89.3452","264.0","1982-06","86.4"
"USW00014837","MADISON DANE CO REGIONAL AIRPORT, WI US","43.1405","-89.3452","264.0","1982-07","88.4"
"USW00014837","MADISON DANE CO REGIONAL AIRPORT, WI US","43.1405","-89.3452","264.0","1982-08","67.9"
"USW00014837","MADISON DANE CO REGIONAL AIRPORT, WI US","43.1405","-89.3452","264.0","1982-09","36.3"
"USW00014837","MADISON DANE CO REGIONAL AIRPORT, WI US","43.1405","-89.3452","264.0","1982-10","37.1"
"USW00014837","MADISON DANE CO REGIONAL AIRPORT, WI US","43.1405","-89.3452","264.0","1982-11","107.0"
"USW00014837","MADISON DANE CO REGIONAL AIRPORT, WI US","43.1405","-89.3452","264.0","1982-12","92.7"
"USW00014837","MADISON DANE CO REGIONAL AIRPORT, WI US","43.1405","-89.3452","264.0","1983-01","13.6"
"USW00014837","MADISON DANE CO REGIONAL AIRPORT, WI US","43.1405","-89.3452","264.0","1983-02","57.4"
"USW00014837","MADISON DANE CO REGIONAL AIRPORT, WI US","43.1405","-89.3452","264.0","1983-03","68.7"
"USW00014837","MADISON DANE CO REGIONAL AIRPORT, WI US","43.1405","-89.3452","264.0","1983-04","56.6"
"USW00014837","MADISON DANE CO REGIONAL AIRPORT, WI US","43.1405","-89.3452","264.0","1983-05","107.2"
"USW00014837","MADISON DANE CO REGIONAL AIRPORT, WI US","43.1405","-89.3452","264.0","1983-06","47.0"
"USW00014837","MADISON DANE CO REGIONAL AIRPORT, WI US","43.1405","-89.3452","264.0","1983-07","48.8"
"USW00014837","MADISON DANE CO REGIONAL AIRPORT, WI US","43.1405","-89.3452","264.0","1983-08","128.1"
"USW00014837","MADISON DANE CO REGIONAL AIRPORT, WI US","43.1405","-89.3452","264.0","1983-09","72.3"
"USW00014837","MADISON DANE CO REGIONAL AIRPORT, WI US","43.1405","-89.3452","264.0","1983-10","65.8"
"USW00014837","MADISON DANE CO REGIONAL AIRPORT, WI US","43.1405","-89.3452","264.0","1983-11","80.9"
"USW00014837","MADISON DANE CO REGIONAL AIRPORT, WI US","43.1405","-89.3452","264.0","1983-12","58.3"
"USW00014837","MADISON DANE CO REGIONAL AIRPORT, WI US","43.1405","-89.3452","264.0","1984-01","9.2"
"USW00014837","MADISON DANE CO REGIONAL AIRPORT, WI US","43.1405","-89.3452","264.0","1984-02","32.1"
"USW00014837","MADISON DANE CO REGIONAL AIRPORT, WI US","43.1405","-89.3452","264.0","1984-03","29.3"
"USW00014837","MADISON DANE CO REGIONAL AIRPORT, WI US","43.1405","-89.3452","264.0","1984-04","98.1"
"USW00014837","MADISON DANE CO REGIONAL AIRPORT, WI US","43.1405","-89.3452","264.0","1984-05","84.5"
"USW00014837","MADISON DANE CO REGIONAL AIRPORT, WI US","43.1405","-89.3452","264.0","1984-06","178.0"
"USW00014837","MADISON DANE CO REGIONAL AIRPORT, WI US","43.1405","-89.3452","264.0","1984-07","49.7"
"USW00014837","MADISON DANE CO REGIONAL AIRPORT, WI US","43.1405","-89.3452","264.0","1984-08","48.1"
"USW00014837","MADISON DANE CO REGIONAL AIRPORT, WI US","43.1405","-89.3452","264.0","1984-09","70.7"
"USW00014837","MADISON DANE CO REGIONAL AIRPORT, WI US","43.1405","-89.3452","264.0","1984-10","143.0"
"USW00014837","MADISON DANE CO REGIONAL AIRPORT, WI US","43.1405","-89.3452","264.0","1984-11","46.6"
"USW00014837","MADISON DANE CO REGIONAL AIRPORT, WI US","43.1405","-89.3452","264.0","1984-12","67.5"
"USW00014837","MADISON DANE CO REGIONAL AIRPORT, WI US","43.1405","-89.3452","264.0","1985-01","36.4"
"USW00014837","MADISON DANE CO REGIONAL AIRPORT, WI US","43.1405","-89.3452","264.0","1985-02","48.1"
"USW00014837","MADISON DANE CO REGIONAL AIRPORT, WI US","43.1405","-89.3452","264.0","1985-03","79.5"
"USW00014837","MADISON DANE CO REGIONAL AIRPORT, WI US","43.1405","-89.3452","264.0","1985-04","38.8"
"USW00014837","MADISON DANE CO REGIONAL AIRPORT, WI US","43.1405","-89.3452","264.0","1985-05","85.2"
"USW00014837","MADISON DANE CO REGIONAL AIRPORT, WI US","43.1405","-89.3452","264.0","1985-06","77.6"
"USW00014837","MADISON DANE CO REGIONAL AIRPORT, WI US","43.1405","-89.3452","264.0","1985-07","113.8"
"USW00014837","MADISON DANE CO REGIONAL AIRPORT, WI US","43.1405","-89.3452","264.0","1985-08","75.6"
"USW00014837","MADISON DANE CO REGIONAL AIRPORT, WI US","43.1405","-89.3452","264.0","1985-09","127.1"
"USW00014837","MADISON DANE CO REGIONAL AIRPORT, WI US","43.1405","-89.3452","264.0","1985-10","116.4"
"USW00014837","MADISON DANE CO REGIONAL AIRPORT, WI US","43.1405","-89.3452","264.0","1985-11","130.4"
"USW00014837","MADISON DANE CO REGIONAL AIRPORT, WI US","43.1405","-89.3452","264.0","1985-12","60.7"
"USW00014837","MADISON DANE CO REGIONAL AIRPORT, WI US","43.1405","-89.3452","264.0","1986-01","26.0"
"USW00014837","MADISON DANE CO REGIONAL AIRPORT, WI US","43.1405","-89.3452","264.0","1986-02","69.2"
"USW00014837","MADISON DANE CO REGIONAL AIRPORT, WI US","43.1405","-89.3452","264.0","1986-03","39.5"
"USW00014837","MADISON DANE CO REGIONAL AIRPORT, WI US","43.1405","-89.3452","264.0","1986-04","57.7"
"USW00014837","MADISON DANE CO REGIONAL AIRPORT, WI US","43.1405","-89.3452","264.0","1986-05","50.1"
"USW00014837","MADISON DANE CO REGIONAL AIRPORT, WI US","43.1405","-89.3452","264.0","1986-06","82.3"
"USW00014837","MADISON DANE CO REGIONAL AIRPORT, WI US","43.1405","-89.3452","264.0","1986-07","109.7"
"USW00014837","MADISON DANE CO REGIONAL AIRPORT, WI US","43.1405","-89.3452","264.0","1986-08","111.3"
"USW00014837","MADISON DANE CO REGIONAL AIRPORT, WI US","43.1405","-89.3452","264.0","1986-09","173.2"
"USW00014837","MADISON DANE CO REGIONAL AIRPORT, WI US","43.1405","-89.3452","264.0","1986-10","47.1"
"USW00014837","MADISON DANE CO REGIONAL AIRPORT, WI US","43.1405","-89.3452","264.0","1986-11","26.3"
"USW00014837","MADISON DANE CO REGIONAL AIRPORT, WI US","43.1405","-89.3452","264.0","1986-12","17.7"
"USW00014837","MADISON DANE CO REGIONAL AIRPORT, WI US","43.1405","-89.3452","264.0","1987-01","17.5"
"USW00014837","MADISON DANE CO REGIONAL AIRPORT, WI US","43.1405","-89.3452","264.0","1987-02","15.8"
"USW00014837","MADISON DANE CO REGIONAL AIRPORT, WI US","43.1405","-89.3452","264.0","1987-03","50.6"
"USW00014837","MADISON DANE CO REGIONAL AIRPORT, WI US","43.1405","-89.3452","264.0","1987-04","62.5"
"USW00014837","MADISON DANE CO REGIONAL AIRPORT, WI US","43.1405","-89.3452","264.0","1987-05","99.0"
"USW00014837","MADISON DANE CO REGIONAL AIRPORT, WI US","43.1405","-89.3452","264.0","1987-06","29.8"
"USW00014837","MADISON DANE CO REGIONAL AIRPORT, WI US","43.1405","-89.3452","264.0","1987-07","82.7"
"USW00014837","MADISON DANE CO REGIONAL AIRPORT, WI US","43.1405","-89.3452","264.0","1987-08","182.0"
"USW00014837","MADISON DANE CO REGIONAL AIRPORT, WI US","43.1405","-89.3452","264.0","1987-09","91.8"
"USW00014837","MADISON DANE CO REGIONAL AIRPORT, WI US","43.1405","-89.3452","264.0","1987-10","31.6"
"USW00014837","MADISON DANE CO REGIONAL AIRPORT, WI US","43.1405","-89.3452","264.0","1987-11","82.3"
"USW00014837","MADISON DANE CO REGIONAL AIRPORT, WI US","43.1405","-89.3452","264.0","1987-12","103.9"
"USW00014837","MADISON DANE CO REGIONAL AIRPORT, WI US","43.1405","-89.3452","264.0","1988-01","46.3"
"USW00014837","MADISON DANE CO REGIONAL AIRPORT, WI US","43.1405","-89.3452","264.0","1988-02","11.8"
"USW00014837","MADISON DANE CO REGIONAL AIRPORT, WI US","43.1405","-89.3452","264.0","1988-03","30.6"
"USW00014837","MADISON DANE CO REGIONAL AIRPORT, WI US","43.1405","-89.3452","264.0","1988-04","67.3"
"USW00014837","MADISON DANE CO REGIONAL AIRPORT, WI US","43.1405","-89.3452","264.0","1988-05","23.4"
"USW00014837","MADISON DANE CO REGIONAL AIRPORT, WI US","43.1405","-89.3452","264.0","1988-06","52.3"
"USW00014837","MADISON DANE CO REGIONAL AIRPORT, WI US","43.1405","-89.3452","264.0","1988-07","62.0"
"USW00014837","MADISON DANE CO REGIONAL AIRPORT, WI US","43.1405","-89.3452","264.0","1988-08","74.9"
"USW00014837","MADISON DANE CO REGIONAL AIRPORT, WI US","43.1405","-89.3452","264.0","1988-09","84.5"
"USW00014837","MADISON DANE CO REGIONAL AIRPORT, WI US","43.1405","-89.3452","264.0","1988-10","40.6"
"USW00014837","MADISON DANE CO REGIONAL AIRPORT, WI US","43.1405","-89.3452","264.0","1988-11","91.1"
"USW00014837","MADISON DANE CO REGIONAL AIRPORT, WI US","43.1405","-89.3452","264.0","1988-12","39.7"
"USW00014837","MADISON DANE CO REGIONAL AIRPORT, WI US","43.1405","-89.3452","264.0","1989-01","15.6"
"USW00014837","MADISON DANE CO REGIONAL AIRPORT, WI US","43.1405","-89.3452","264.0","1989-02","14.7"
"USW00014837","MADISON DANE CO REGIONAL AIRPORT, WI US","43.1405","-89.3452","264.0","1989-03","43.0"
"USW00014837","MADISON DANE CO REGIONAL AIRPORT, WI US","43.1405","-89.3452","264.0","1989-04","43.0"
"USW00014837","MADISON DANE CO REGIONAL AIRPORT, WI US","43.1405","-89.3452","264.0","1989-05","43.7"
"USW00014837","MADISON DANE CO REGIONAL AIRPORT, WI US","43.1405","-89.3452","264.0","1989-06","42.6"
"USW00014837","MADISON DANE CO REGIONAL AIRPORT, WI US","43.1405","-89.3452","264.0","1989-07","126.3"
"USW00014837","MADISON DANE CO REGIONAL AIRPORT, WI US","43.1405","-89.3452","264.0","1989-08","164.1"
"USW00014837","MADISON DANE CO REGIONAL AIRPORT, WI US","43.1405","-89.3452","264.0","1989-09","22.8"
"USW00014837","MADISON DANE CO REGIONAL AIRPORT, WI US","43.1405","-89.3452","264.0","1989-10","47.9"
"USW00014837","MADISON DANE CO REGIONAL AIRPORT, WI US","43.1405","-89.3452","264.0","1989-11","25.0"
"USW00014837","MADISON DANE CO REGIONAL AIRPORT, WI US","43.1405","-89.3452","264.0","1989-12","6.7"
"USW00014837","MADISON DANE CO REGIONAL AIRPORT, WI US","43.1405","-89.3452","264.0","1990-01","40.6"
"USW00014837","MADISON DANE CO REGIONAL AIRPORT, WI US","43.1405","-89.3452","264.0","1990-02","25.2"
"USW00014837","MADISON DANE CO REGIONAL AIRPORT, WI US","43.1405","-89.3452","264.0","1990-03","106.2"
"USW00014837","MADISON DANE CO REGIONAL AIRPORT, WI US","43.1405","-89.3452","264.0","1990-04","48.3"
"USW00014837","MADISON DANE CO REGIONAL AIRPORT, WI US","43.1405","-89.3452","264.0","1990-05","136.0"
"USW00014837","MADISON DANE CO REGIONAL AIRPORT, WI US","43.1405","-89.3452","264.0","1990-06","124.1"
"USW00014837","MADISON DANE CO REGIONAL AIRPORT, WI US","43.1405","-89.3452","264.0","1990-07","66.2"
"USW00014837","MADISON DANE CO REGIONAL AIRPORT, WI US","43.1405","-89.3452","264.0","1990-08","153.2"
"USW00014837","MADISON DANE CO REGIONAL AIRPORT, WI US","43.1405","-89.3452","264.0","1990-09","41.7"
"USW00014837","MADISON DANE CO REGIONAL AIRPORT, WI US","43.1405","-89.3452","264.0","1990-10","57.2"
"USW00014837","MADISON DANE CO REGIONAL AIRPORT, WI US","43.1405","-89.3452","264.0","1990-11","42.0"
"USW00014837","MADISON DANE CO REGIONAL AIRPORT, WI US","43.1405","-89.3452","264.0","1990-12","87.9"
"USW00014837","MADISON DANE CO REGIONAL AIRPORT, WI US","43.1405","-89.3452","264.0","1991-01","30.0"
"USW00014837","MADISON DANE CO REGIONAL AIRPORT, WI US","43.1405","-89.3452","264.0","1991-02","11.3"
"USW00014837","MADISON DANE CO REGIONAL AIRPORT, WI US","43.1405","-89.3452","264.0","1991-03","107.9"
"USW00014837","MADISON DANE CO REGIONAL AIRPORT, WI US","43.1405","-89.3452","264.0","1991-04","124.3"
"USW00014837","MADISON DANE CO REGIONAL AIRPORT, WI US","43.1405","-89.3452","264.0","1991-05","56.0"
"USW00014837","MADISON DANE CO REGIONAL AIRPORT, WI US","43.1405","-89.3452","264.0","1991-06","95.2"
"USW00014837","MADISON DANE CO REGIONAL AIRPORT, WI US","43.1405","-89.3452","264.0","1991-07","131.7"
"USW00014837","MADISON DANE CO REGIONAL AIRPORT, WI US","43.1405","-89.3452","264.0","1991-08","59.5"
"USW00014837","MADISON DANE CO REGIONAL AIRPORT, WI US","43.1405","-89.3452","264.0","1991-09","100.7"
"USW00014837","MADISON DANE CO REGIONAL AIRPORT, WI US","43.1405","-89.3452","264.0","1991-10","136.0"
"USW00014837","MADISON DANE CO REGIONAL AIRPORT, WI US","43.1405","-89.3452","264.0","1991-11","98.1"
"USW00014837","MADISON DANE CO REGIONAL AIRPORT, WI US","43.1405","-89.3452","264.0","1991-12","43.5"
"USW00014837","MADISON DANE CO REGIONAL AIRPORT, WI US","43.1405","-89.3452","264.0","1992-01","19.9"
"USW00014837","MADISON DANE CO REGIONAL AIRPORT, WI US","43.1405","-89.3452","264.0","1992-02","34.2"
"USW00014837","MADISON DANE CO REGIONAL AIRPORT, WI US","43.1405","-89.3452","264.0","1992-03","48.4"
"USW00014837","MADISON DANE CO REGIONAL AIRPORT, WI US","43.1405","-89.3452","264.0","1992-04","80.6"
"USW00014837","MADISON DANE CO REGIONAL AIRPORT, WI US","43.1405","-89.3452","264.0","1992-05","28.6"
"USW00014837","MADISON DANE CO REGIONAL AIRPORT, WI US","43.1405","-89.3452","264.0","1992-06","38.9"
"USW00014837","MADISON DANE CO REGIONAL AIRPORT, WI US","43.1405","-89.3452","264.0","1992-07","140.9"
"USW00014837","MADISON DANE CO REGIONAL AIRPORT, WI US","43.1405","-89.3452","264.0","1992-08","63.1"
"USW00014837","MADISON DANE CO REGIONAL AIRPORT, WI US","43.1405","-89.3452","264.0","1992-09","152.2"
"USW00014837","MADISON DANE CO REGIONAL AIRPORT, WI US","43.1405","-89.3452","264.0","1992-10","26.9"
"USW00014837","MADISON DANE CO REGIONAL AIRPORT, WI US","43.1405","-89.3452","264.0","1992-11","122.8"
"USW00014837","MADISON DANE CO REGIONAL AIRPORT, WI US","43.1405","-89.3452","264.0","1992-12","60.8"
"USW00014837","MADISON DANE CO REGIONAL AIRPORT, WI US","43.1405","-89.3452","264.0","1993-01","40.7"
"USW00014837","MADISON DANE CO REGIONAL AIRPORT, WI US","43.1405","-89.3452","264.0","1993-02","30.1"
"USW00014837","MADISON DANE CO REGIONAL AIRPORT, WI US","43.1405","-89.3452","264.0","1993-03","83.7"
"USW00014837","MADISON DANE CO REGIONAL AIRPORT, WI US","43.1405","-89.3452","264.0","1993-04","135.3"
"USW00014837","MADISON DANE CO REGIONAL AIRPORT, WI US","43.1405","-89.3452","264.0","1993-05","97.2"
"USW00014837","MADISON DANE CO REGIONAL AIRPORT, WI US","43.1405","-89.3452","264.0","1993-06","169.5"
"USW00014837","MADISON DANE CO REGIONAL AIRPORT, WI US","43.1405","-89.3452","264.0","1993-07","237.3"
"USW00014837","MADISON DANE CO REGIONAL AIRPORT, WI US","43.1405","-89.3452","264.0","1993-08","141.5"
"USW00014837","MADISON DANE CO REGIONAL AIRPORT, WI US","43.1405","-89.3452","264.0","1993-09","95.2"
"USW00014837","MADISON DANE CO REGIONAL AIRPORT, WI US","43.1405","-89.3452","264.0","1993-10","23.2"
"USW00014837","MADISON DANE CO REGIONAL AIRPORT, WI US","43.1405","-89.3452","264.0","1993-11","39.5"
"USW00014837","MADISON DANE CO REGIONAL AIRPORT, WI US","43.1405","-89.3452","264.0","1993-12","9.1"
"USW00014837","MADISON DANE CO REGIONAL AIRPORT, WI US","43.1405","-89.3452","264.0","1994-01","37.1"
"USW00014837","MADISON DANE CO REGIONAL AIRPORT, WI US","43.1405","-89.3452","264.0","1994-02","70.1"
"USW00014837","MADISON DANE CO REGIONAL AIRPORT, WI US","43.1405","-89.3452","264.0","1994-03","11.9"
"USW00014837","MADISON DANE CO REGIONAL AIRPORT, WI US","43.1405","-89.3452","264.0","1994-04","65.2"
"USW00014837","MADISON DANE CO REGIONAL AIRPORT, WI US","43.1405","-89.3452","264.0","1994-05","33.9"
"USW00014837","MADISON DANE CO REGIONAL AIRPORT, WI US","43.1405","-89.3452","264.0","1994-06","143.9"
"USW00014837","MADISON DANE CO REGIONAL AIRPORT, WI US","43.1405","-89.3452","264.0","1994-07","104.4"
"USW00014837","MADISON DANE CO REGIONAL AIRPORT, WI US","43.1405","-89.3452","264.0","1994-08","116.0"
"USW00014837","MADISON DANE CO REGIONAL AIRPORT, WI US","43.1405","-89.3452","264.0","1994-09","156.1"
"USW00014837","MADISON DANE CO REGIONAL AIRPORT, WI US","43.1405","-89.3452","264.0","1994-10","16.7"
"USW00014837","MADISON DANE CO REGIONAL AIRPORT, WI US","43.1405","-89.3452","264.0","1994-11","70.4"
"USW00014837","MADISON DANE CO REGIONAL AIRPORT, WI US","43.1405","-89.3452","264.0","1994-12","27.5"
"USW00014837","MADISON DANE CO REGIONAL AIRPORT, WI US","43.1405","-89.3452","264.0","1995-01","54.0"
"USW00014837","MADISON DANE CO REGIONAL AIRPORT, WI US","43.1405","-89.3452","264.0","1995-02","1.7"
"USW00014837","MADISON DANE CO REGIONAL AIRPORT, WI US","43.1405","-89.3452","264.0","1995-03","55.2"
"USW00014837","MADISON DANE CO REGIONAL AIRPORT, WI US","43.1405","-89.3452","264.0","1995-04","105.4"
"USW00014837","MADISON DANE CO REGIONAL AIRPORT, WI US","43.1405","-89.3452","264.0","1995-05","99.7"
"USW00014837","MADISON DANE CO REGIONAL AIRPORT, WI US","43.1405","-89.3452","264.0","1995-06","31.0"
"USW00014837","MADISON DANE CO REGIONAL AIRPORT, WI US","43.1405","-89.3452","264.0","1995-07","110.7"
"USW00014837","MADISON DANE CO REGIONAL AIRPORT, WI US","43.1405","-89.3452","264.0","1995-08","141.9"
"USW00014837","MADISON DANE CO REGIONAL AIRPORT, WI US","43.1405","-89.3452","264.0","1995-09","45.4"
"USW00014837","MADISON DANE CO REGIONAL AIRPORT, WI US","43.1405","-89.3452","264.0","1995-10","109.0"
"USW00014837","MADISON DANE CO REGIONAL AIRPORT, WI US","43.1405","-89.3452","264.0","1995-11","80.5"
"USW00014837","MADISON DANE CO REGIONAL AIRPORT, WI US","43.1405","-89.3452","264.0","1995-12","19.6"
"USW00014837","MADISON DANE CO REGIONAL AIRPORT, WI US","43.1405","-89.3452","264.0","1996-01","64.2"
"USW00014837","MADISON DANE CO REGIONAL AIRPORT, WI US","43.1405","-89.3452","264.0","1996-02","13.7"
"USW00014837","MADISON DANE CO REGIONAL AIRPORT, WI US","43.1405","-89.3452","264.0","1996-03","20.8"
"USW00014837","MADISON DANE CO REGIONAL AIRPORT, WI US","43.1405","-89.3452","264.0","1996-04","70.2"
"USW00014837","MADISON DANE CO REGIONAL AIRPORT, WI US","43.1405","-89.3452","264.0","1996-05","74.9"
"USW00014837","MADISON DANE CO REGIONAL AIRPORT, WI US","43.1405","-89.3452","264.0","1996-06","246.3"
"USW00014837","MADISON DANE CO REGIONAL AIRPORT, WI US","43.1405","-89.3452","264.0","1996-07","103.7"
"USW00014837","MADISON DANE CO REGIONAL AIRPORT, WI US","43.1405","-89.3452","264.0","1996-08","46.8"
"USW00014837","MADISON DANE CO REGIONAL AIRPORT, WI US","43.1405","-89.3452","264.0","1996-09","27.2"
"USW00014837","MADISON DANE CO REGIONAL AIRPORT, WI US","43.1405","-89.3452","264.0","1996-10","79.8"
"USW00014837","MADISON DANE CO REGIONAL AIRPORT, WI US","43.1405","-89.3452","264.0","1996-11","25.6"
"USW00014837","MADISON DANE CO REGIONAL AIRPORT, WI US","43.1405","-89.3452","264.0","1996-12","32.4"
"USW00014837","MADISON DANE CO REGIONAL AIRPORT, WI US","43.1405","-89.3452","264.0","1997-01","31.7"
"USW00014837","MADISON DANE CO REGIONAL AIRPORT, WI US","43.1405","-89.3452","264.0","1997-02","64.0"
"USW00014837","MADISON DANE CO REGIONAL AIRPORT, WI US","43.1405","-89.3452","264.0","1997-03","39.3"
"USW00014837","MADISON DANE CO REGIONAL AIRPORT, WI US","43.1405","-89.3452","264.0","1997-04","63.6"
"USW00014837","MADISON DANE CO REGIONAL AIRPORT, WI US","43.1405","-89.3452","264.0","1997-05","49.3"
"USW00014837","MADISON DANE CO REGIONAL AIRPORT, WI US","43.1405","-89.3452","264.0","1997-06","133.0"
"USW00014837","MADISON DANE CO REGIONAL AIRPORT, WI US","43.1405","-89.3452","264.0","1997-07","158.5"
"USW00014837","MADISON DANE CO REGIONAL AIRPORT, WI US","43.1405","-89.3452","264.0","1997-08","59.4"
"USW00014837","MADISON DANE CO REGIONAL AIRPORT, WI US","43.1405","-89.3452","264.0","1997-09","35.1"
"USW00014837","MADISON DANE CO REGIONAL AIRPORT, WI US","43.1405","-89.3452","264.0","1997-10","31.5"
"USW00014837","MADISON DANE CO REGIONAL AIRPORT, WI US","43.1405","-89.3452","264.0","1997-11","31.7"
"USW00014837","MADISON DANE CO REGIONAL AIRPORT, WI US","43.1405","-89.3452","264.0","1997-12","31.8"
"USW00014837","MADISON DANE CO REGIONAL AIRPORT, WI US","43.1405","-89.3452","264.0","1998-01","56.9"
"USW00014837","MADISON DANE CO REGIONAL AIRPORT, WI US","43.1405","-89.3452","264.0","1998-02","36.6"
"USW00014837","MADISON DANE CO REGIONAL AIRPORT, WI US","43.1405","-89.3452","264.0","1998-03","138.9"
"USW00014837","MADISON DANE CO REGIONAL AIRPORT, WI US","43.1405","-89.3452","264.0","1998-04","104.2"
"USW00014837","MADISON DANE CO REGIONAL AIRPORT, WI US","43.1405","-89.3452","264.0","1998-05","116.5"
"USW00014837","MADISON DANE CO REGIONAL AIRPORT, WI US","43.1405","-89.3452","264.0","1998-06","189.6"
"USW00014837","MADISON DANE CO REGIONAL AIRPORT, WI US","43.1405","-89.3452","264.0","1998-07","63.5"
"USW00014837","MADISON DANE CO REGIONAL AIRPORT, WI US","43.1405","-89.3452","264.0","1998-08","107.8"
"USW00014837","MADISON DANE CO REGIONAL AIRPORT, WI US","43.1405","-89.3452","264.0","1998-09","63.0"
"USW00014837","MADISON DANE CO REGIONAL AIRPORT, WI US","43.1405","-89.3452","264.0","1998-10","81.4"
"USW00014837","MADISON DANE CO REGIONAL AIRPORT, WI US","43.1405","-89.3452","264.0","1998-11","49.6"
"USW00014837","MADISON DANE CO REGIONAL AIRPORT, WI US","43.1405","-89.3452","264.0","1998-12","7.4"
"USW00014837","MADISON DANE CO REGIONAL AIRPORT, WI US","43.1405","-89.3452","264.0","1999-01","53.6"
"USW00014837","MADISON DANE CO REGIONAL AIRPORT, WI US","43.1405","-89.3452","264.0","1999-02","23.3"
"USW00014837","MADISON DANE CO REGIONAL AIRPORT, WI US","43.1405","-89.3452","264.0","1999-03","12.0"
"USW00014837","MADISON DANE CO REGIONAL AIRPORT, WI US","43.1405","-89.3452","264.0","1999-04","175.5"
"USW00014837","MADISON DANE CO REGIONAL AIRPORT, WI US","43.1405","-89.3452","264.0","1999-05","94.8"
"USW00014837","MADISON DANE CO REGIONAL AIRPORT, WI US","43.1405","-89.3452","264.0","1999-06","141.6"
"USW00014837","MADISON DANE CO REGIONAL AIRPORT, WI US","43.1405","-89.3452","264.0","1999-07","114.0"
"USW00014837","MADISON DANE CO REGIONAL AIRPORT, WI US","43.1405","-89.3452","264.0","1999-08","82.9"
"USW00014837","MADISON DANE CO REGIONAL AIRPORT, WI US","43.1405","-89.3452","264.0","1999-09","39.4"
"USW00014837","MADISON DANE CO REGIONAL AIRPORT, WI US","43.1405","-89.3452","264.0","1999-10","22.4"
"USW00014837","MADISON DANE CO REGIONAL AIRPORT, WI US","43.1405","-89.3452","264.0","1999-11","30.8"
"USW00014837","MADISON DANE CO REGIONAL AIRPORT, WI US","43.1405","-89.3452","264.0","1999-12","21.9"
"USW00014837","MADISON DANE CO REGIONAL AIRPORT, WI US","43.1405","-89.3452","264.0","2000-01","23.2"
"USW00014837","MADISON DANE CO REGIONAL AIRPORT, WI US","43.1405","-89.3452","264.0","2000-02","49.6"
"USW00014837","MADISON DANE CO REGIONAL AIRPORT, WI US","43.1405","-89.3452","264.0","2000-03","29.8"
"USW00014837","MADISON DANE CO REGIONAL AIRPORT, WI US","43.1405","-89.3452","264.0","2000-04","80.9"
"USW00014837","MADISON DANE CO REGIONAL AIRPORT, WI US","43.1405","-89.3452","264.0","2000-05","244.6"
"USW00014837","MADISON DANE CO REGIONAL AIRPORT, WI US","43.1405","-89.3452","264.0","2000-06","219.3"
"USW00014837","MADISON DANE CO REGIONAL AIRPORT, WI US","43.1405","-89.3452","264.0","2000-07","82.9"
"USW00014837","MADISON DANE CO REGIONAL AIRPORT, WI US","43.1405","-89.3452","264.0","2000-08","100.2"
"USW00014837","MADISON DANE CO REGIONAL AIRPORT, WI US","43.1405","-89.3452","264.0","2000-09","91.2"
"USW00014837","MADISON DANE CO REGIONAL AIRPORT, WI US","43.1405","-89.3452","264.0","2000-10","17.3"
"USW00014837","MADISON DANE CO REGIONAL AIRPORT, WI US","43.1405","-89.3452","264.0","2000-11","51.0"
"USW00014837","MADISON DANE CO REGIONAL AIRPORT, WI US","43.1405","-89.3452","264.0","2000-12","35.3"
"USW00014837","MADISON DANE CO REGIONAL AIRPORT, WI US","43.1405","-89.3452","264.0","2001-01","25.2"
"USW00014837","MADISON DANE CO REGIONAL AIRPORT, WI US","43.1405","-89.3452","264.0","2001-02","67.2"
"USW00014837","MADISON DANE CO REGIONAL AIRPORT, WI US","43.1405","-89.3452","264.0","2001-03","15.1"
"USW00014837","MADISON DANE CO REGIONAL AIRPORT, WI US","43.1405","-89.3452","264.0","2001-04","78.3"
"USW00014837","MADISON DANE CO REGIONAL AIRPORT, WI US","43.1405","-89.3452","264.0","2001-05","105.8"
"USW00014837","MADISON DANE CO REGIONAL AIRPORT, WI US","43.1405","-89.3452","264.0","2001-06","137.3"
"USW00014837","MADISON DANE CO REGIONAL AIRPORT, WI US","43.1405","-89.3452","264.0","2001-07","78.4"
"USW00014837","MADISON DANE CO REGIONAL AIRPORT, WI US","43.1405","-89.3452","264.0","2001-08","194.1"
"USW00014837","MADISON DANE CO REGIONAL AIRPORT, WI US","43.1405","-89.3452","264.0","2001-09","140.6"
"USW00014837","MADISON DANE CO REGIONAL AIRPORT, WI US","43.1405","-89.3452","264.0","2001-10","66.6"
"USW00014837","MADISON DANE CO REGIONAL AIRPORT, WI US","43.1405","-89.3452","264.0","2001-11","40.6"
"USW00014837","MADISON DANE CO REGIONAL AIRPORT, WI US","43.1405","-89.3452","264.0","2001-12","28.9"
"USW00014837","MADISON DANE CO REGIONAL AIRPORT, WI US","43.1405","-89.3452","264.0","2002-01","16.0"
"USW00014837","MADISON DANE CO REGIONAL AIRPORT, WI US","43.1405","-89.3452","264.0","2002-02","55.2"
"USW00014837","MADISON DANE CO REGIONAL AIRPORT, WI US","43.1405","-89.3452","264.0","2002-03","43.4"
"USW00014837","MADISON DANE CO REGIONAL AIRPORT, WI US","43.1405","-89.3452","264.0","2002-04","87.7"
"USW00014837","MADISON DANE CO REGIONAL AIRPORT, WI US","43.1405","-89.3452","264.0","2002-05","74.3"
"USW00014837","MADISON DANE CO REGIONAL AIRPORT, WI US","43.1405","-89.3452","264.0","2002-06","94.0"
"USW00014837","MADISON DANE CO REGIONAL AIRPORT, WI US","43.1405","-89.3452","264.0","2002-07","52.3"
"USW00014837","MADISON DANE CO REGIONAL AIRPORT, WI US","43.1405","-89.3452","264.0","2002-08","77.2"
"USW00014837","MADISON DANE CO REGIONAL AIRPORT, WI US","43.1405","-89.3452","264.0","2002-09","69.6"
"USW00014837","MADISON DANE CO REGIONAL AIRPORT, WI US","43.1405","-89.3452","264.0","2002-10","53.5"
"USW00014837","MADISON DANE CO REGIONAL AIRPORT, WI US","43.1405","-89.3452","264.0","2002-11","25.7"
"USW00014837","MADISON DANE CO REGIONAL AIRPORT, WI US","43.1405","-89.3452","264.0","2002-12","17.0"
"USW00014837","MADISON DANE CO REGIONAL AIRPORT, WI US","43.1405","-89.3452","264.0","2003-01","9.1"
"USW00014837","MADISON DANE CO REGIONAL AIRPORT, WI US","43.1405","-89.3452","264.0","2003-02","12.8"
"USW00014837","MADISON DANE CO REGIONAL AIRPORT, WI US","43.1405","-89.3452","264.0","2003-03","43.7"
"USW00014837","MADISON DANE CO REGIONAL AIRPORT, WI US","43.1405","-89.3452","264.0","2003-04","75.2"
"USW00014837","MADISON DANE CO REGIONAL AIRPORT, WI US","43.1405","-89.3452","264.0","2003-05","93.3"
"USW00014837","MADISON DANE CO REGIONAL AIRPORT, WI US","43.1405","-89.3452","264.0","2003-06","53.4"
"USW00014837","MADISON DANE CO REGIONAL AIRPORT, WI US","43.1405","-89.3452","264.0","2003-07","107.7"
"USW00014837","MADISON DANE CO REGIONAL AIRPORT, WI US","43.1405","-89.3452","264.0","2003-08","22.1"
"USW00014837","MADISON DANE CO REGIONAL AIRPORT, WI US","43.1405","-89.3452","264.0","2003-09","107.7"
"USW00014837","MADISON DANE CO REGIONAL AIRPORT, WI US","43.1405","-89.3452","264.0","2003-10","40.6"
"USW00014837","MADISON DANE CO REGIONAL AIRPORT, WI US","43.1405","-89.3452","264.0","2003-11","190.4"
"USW00014837","MADISON DANE CO REGIONAL AIRPORT, WI US","43.1405","-89.3452","264.0","2003-12","50.8"
"USW00014837","MADISON DANE CO REGIONAL AIRPORT, WI US","43.1405","-89.3452","264.0","2004-01","15.7"
"USW00014837","MADISON DANE CO REGIONAL AIRPORT, WI US","43.1405","-89.3452","264.0","2004-02","36.7"
"USW00014837","MADISON DANE CO REGIONAL AIRPORT, WI US","43.1405","-89.3452","264.0","2004-03","91.9"
"USW00014837","MADISON DANE CO REGIONAL AIRPORT, WI US","43.1405","-89.3452","264.0","2004-04","44.8"
"USW00014837","MADISON DANE CO REGIONAL AIRPORT, WI US","43.1405","-89.3452","264.0","2004-05","275.2"
"USW00014837","MADISON DANE CO REGIONAL AIRPORT, WI US","43.1405","-89.3452","264.0","2004-06","100.0"
"USW00014837","MADISON DANE CO REGIONAL AIRPORT, WI US","43.1405","-89.3452","264.0","2004-07","153.8"
"USW00014837","MADISON DANE CO REGIONAL AIRPORT, WI US","43.1405","-89.3452","264.0","2004-08","100.6"
"USW00014837","MADISON DANE CO REGIONAL AIRPORT, WI US","43.1405","-89.3452","264.0","2004-09","25.5"
"USW00014837","MADISON DANE CO REGIONAL AIRPORT, WI US","43.1405","-89.3452","264.0","2004-10","81.4"
"USW00014837","MADISON DANE CO REGIONAL AIRPORT, WI US","43.1405","-89.3452","264.0","2004-11","38.3"
"USW00014837","MADISON DANE CO REGIONAL AIRPORT, WI US","43.1405","-89.3452","264.0","2004-12","37.1"
"USW00014837","MADISON DANE CO REGIONAL AIRPORT, WI US","43.1405","-89.3452","264.0","2005-01","56.0"
"USW00014837","MADISON DANE CO REGIONAL AIRPORT, WI US","43.1405","-89.3452","264.0","2005-02","36.8"
"USW00014837","MADISON DANE CO REGIONAL AIRPORT, WI US","43.1405","-89.3452","264.0","2005-03","39.7"
"USW00014837","MADISON DANE CO REGIONAL AIRPORT, WI US","43.1405","-89.3452","264.0","2005-04","42.9"
"USW00014837","MADISON DANE CO REGIONAL AIRPORT, WI US","43.1405","-89.3452","264.0","2005-05","100.7"
"USW00014837","MADISON DANE CO REGIONAL AIRPORT, WI US","43.1405","-89.3452","264.0","2005-06","42.1"
"USW00014837","MADISON DANE CO REGIONAL AIRPORT, WI US","43.1405","-89.3452","264.0","2005-07","99.7"
"USW00014837","MADISON DANE CO REGIONAL AIRPORT, WI US","43.1405","-89.3452","264.0","2005-08","31.1"
"USW00014837","MADISON DANE CO REGIONAL AIRPORT, WI US","43.1405","-89.3452","264.0","2005-09","49.6"
"USW00014837","MADISON DANE CO REGIONAL AIRPORT, WI US","43.1405","-89.3452","264.0","2005-10","19.3"
"USW00014837","MADISON DANE CO REGIONAL AIRPORT, WI US","43.1405","-89.3452","264.0","2005-11","85.4"
"USW00014837","MADISON DANE CO REGIONAL AIRPORT, WI US","43.1405","-89.3452","264.0","2005-12","25.3"
"USW00014837","MADISON DANE CO REGIONAL AIRPORT, WI US","43.1405","-89.3452","264.0","2006-01","49.8"
"USW00014837","MADISON DANE CO REGIONAL AIRPORT, WI US","43.1405","-89.3452","264.0","2006-02","20.7"
"USW00014837","MADISON DANE CO REGIONAL AIRPORT, WI US","43.1405","-89.3452","264.0","2006-03","59.4"
"USW00014837","MADISON DANE CO REGIONAL AIRPORT, WI US","43.1405","-89.3452","264.0","2006-04","128.1"
"USW00014837","MADISON DANE CO REGIONAL AIRPORT, WI US","43.1405","-89.3452","264.0","2006-05","117.1"
"USW00014837","MADISON DANE CO REGIONAL AIRPORT, WI US","43.1405","-89.3452","264.0","2006-06","58.2"
"USW00014837","MADISON DANE CO REGIONAL AIRPORT, WI US","43.1405","-89.3452","264.0","2006-07","113.1"
"USW00014837","MADISON DANE CO REGIONAL AIRPORT, WI US","43.1405","-89.3452","264.0","2006-08","138.0"
"USW00014837","MADISON DANE CO REGIONAL AIRPORT, WI US","43.1405","-89.3452","264.0","2006-09","84.6"
"USW00014837","MADISON DANE CO REGIONAL AIRPORT, WI US","43.1405","-89.3452","264.0","2006-10","73.0"
"USW00014837","MADISON DANE CO REGIONAL AIRPORT, WI US","43.1405","-89.3452","264.0","2006-11","56.9"
"USW00014837","MADISON DANE CO REGIONAL AIRPORT, WI US","43.1405","-89.3452","264.0","2006-12","34.5"
"USW00014837","MADISON DANE CO REGIONAL AIRPORT, WI US","43.1405","-89.3452","264.0","2007-01","21.3"
"USW00014837","MADISON DANE CO REGIONAL AIRPORT, WI US","43.1405","-89.3452","264.0","2007-02","40.6"
"USW00014837","MADISON DANE CO REGIONAL AIRPORT, WI US","43.1405","-89.3452","264.0","2007-03","86.1"
"USW00014837","MADISON DANE CO REGIONAL AIRPORT, WI US","43.1405","-89.3452","264.0","2007-04","119.1"
"USW00014837","MADISON DANE CO REGIONAL AIRPORT, WI US","43.1405","-89.3452","264.0","2007-05","35.5"
"USW00014837","MADISON DANE CO REGIONAL AIRPORT, WI US","43.1405","-89.3452","264.0","2007-06","122.4"
"USW00014837","MADISON DANE CO REGIONAL AIRPORT, WI US","43.1405","-89.3452","264.0","2007-07","68.4"
"USW00014837","MADISON DANE CO REGIONAL AIRPORT, WI US","43.1405","-89.3452","264.0","2007-08","385.5"
"USW00014837","MADISON DANE CO REGIONAL AIRPORT, WI US","43.1405","-89.3452","264.0","2007-09","62.3"
"USW00014837","MADISON DANE CO REGIONAL AIRPORT, WI US","43.1405","-89.3452","264.0","2007-10","85.2"
"USW00014837","MADISON DANE CO REGIONAL AIRPORT, WI US","43.1405","-89.3452","264.0","2007-11","10.0"
"USW00014837","MADISON DANE CO REGIONAL AIRPORT, WI US","43.1405","-89.3452","264.0","2007-12","92.3"
"USW00014837","MADISON DANE CO REGIONAL AIRPORT, WI US","43.1405","-89.3452","264.0","2008-01","55.3"
"USW00014837","MADISON DANE CO REGIONAL AIRPORT, WI US","43.1405","-89.3452","264.0","2008-02","83.9"
"USW00014837","MADISON DANE CO REGIONAL AIRPORT, WI US","43.1405","-89.3452","264.0","2008-03","62.9"
"USW00014837","MADISON DANE CO REGIONAL AIRPORT, WI US","43.1405","-89.3452","264.0","2008-04","163.3"
"USW00014837","MADISON DANE CO REGIONAL AIRPORT, WI US","43.1405","-89.3452","264.0","2008-05","65.0"
"USW00014837","MADISON DANE CO REGIONAL AIRPORT, WI US","43.1405","-89.3452","264.0","2008-06","277.7"
"USW00014837","MADISON DANE CO REGIONAL AIRPORT, WI US","43.1405","-89.3452","264.0","2008-07","142.7"
"USW00014837","MADISON DANE CO REGIONAL AIRPORT, WI US","43.1405","-89.3452","264.0","2008-08","35.8"
"USW00014837","MADISON DANE CO REGIONAL AIRPORT, WI US","43.1405","-89.3452","264.0","2008-09","56.8"
"USW00014837","MADISON DANE CO REGIONAL AIRPORT, WI US","43.1405","-89.3452","264.0","2008-10","56.0"
"USW00014837","MADISON DANE CO REGIONAL AIRPORT, WI US","43.1405","-89.3452","264.0","2008-11","37.2"
"USW00014837","MADISON DANE CO REGIONAL AIRPORT, WI US","43.1405","-89.3452","264.0","2008-12","83.8"
"USW00014837","MADISON DANE CO REGIONAL AIRPORT, WI US","43.1405","-89.3452","264.0","2009-01","13.8"
"USW00014837","MADISON DANE CO REGIONAL AIRPORT, WI US","43.1405","-89.3452","264.0","2009-02","48.4"
"USW00014837","MADISON DANE CO REGIONAL AIRPORT, WI US","43.1405","-89.3452","264.0","2009-03","157.2"
"USW00014837","MADISON DANE CO REGIONAL AIRPORT, WI US","43.1405","-89.3452","264.0","2009-04","112.5"
"USW00014837","MADISON DANE CO REGIONAL AIRPORT, WI US","43.1405","-89.3452","264.0","2009-05","93.6"
"USW00014837","MADISON DANE CO REGIONAL AIRPORT, WI US","43.1405","-89.3452","264.0","2009-06","106.1"
"USW00014837","MADISON DANE CO REGIONAL AIRPORT, WI US","43.1405","-89.3452","264.0","2009-07","49.4"
"USW00014837","MADISON DANE CO REGIONAL AIRPORT, WI US","43.1405","-89.3452","264.0","2009-08","63.3"
"USW00014837","MADISON DANE CO REGIONAL AIRPORT, WI US","43.1405","-89.3452","264.0","2009-09","118.8"
"USW00014837","MADISON DANE CO REGIONAL AIRPORT, WI US","43.1405","-89.3452","264.0","2009-10","96.5"
"USW00014837","MADISON DANE CO REGIONAL AIRPORT, WI US","43.1405","-89.3452","264.0","2009-11","33.5"
"USW00014837","MADISON DANE CO REGIONAL AIRPORT, WI US","43.1405","-89.3452","264.0","2009-12","81.3"
"USW00014837","MADISON DANE CO REGIONAL AIRPORT, WI US","43.1405","-89.3452","264.0","2010-01","22.3"
"USW00014837","MADISON DANE CO REGIONAL AIRPORT, WI US","43.1405","-89.3452","264.0","2010-02","25.9"
"USW00014837","MADISON DANE CO REGIONAL AIRPORT, WI US","43.1405","-89.3452","264.0","2010-03","18.1"
"USW00014837","MADISON DANE CO REGIONAL AIRPORT, WI US","43.1405","-89.3452","264.0","2010-04","92.7"
"USW00014837","MADISON DANE CO REGIONAL AIRPORT, WI US","43.1405","-89.3452","264.0","2010-05","96.3"
"USW00014837","MADISON DANE CO REGIONAL AIRPORT, WI US","43.1405","-89.3452","264.0","2010-06","212.8"
"USW00014837","MADISON DANE CO REGIONAL AIRPORT, WI US","43.1405","-89.3452","264.0","2010-07","202.8"
"USW00014837","MADISON DANE CO REGIONAL AIRPORT, WI US","43.1405","-89.3452","264.0","2010-08","99.6"
"USW00014837","MADISON DANE CO REGIONAL AIRPORT, WI US","43.1405","-89.3452","264.0","2010-09","67.4"
"USW00014837","MADISON DANE CO REGIONAL AIRPORT, WI US","43.1405","-89.3452","264.0","2010-10","58.4"
"USW00014837","MADISON DANE CO REGIONAL AIRPORT, WI US","43.1405","-89.3452","264.0","2010-11","27.9"
"USW00014837","MADISON DANE CO REGIONAL AIRPORT, WI US","43.1405","-89.3452","264.0","2010-12","37.8"
"USW00014837","MADISON DANE CO REGIONAL AIRPORT, WI US","43.1405","-89.3452","264.0","2011-01","32.9"
"USW00014837","MADISON DANE CO REGIONAL AIRPORT, WI US","43.1405","-89.3452","264.0","2011-02","40.6"
"USW00014837","MADISON DANE CO REGIONAL AIRPORT, WI US","43.1405","-89.3452","264.0","2011-03","75.2"
"USW00014837","MADISON DANE CO REGIONAL AIRPORT, WI US","43.1405","-89.3452","264.0","2011-04","92.0"
"USW00014837","MADISON DANE CO REGIONAL AIRPORT, WI US","43.1405","-89.3452","264.0","2011-05","61.1"
"USW00014837","MADISON DANE CO REGIONAL AIRPORT, WI US","43.1405","-89.3452","264.0","2011-06","90.2"
"USW00014837","MADISON DANE CO REGIONAL AIRPORT, WI US","43.1405","-89.3452","264.0","2011-07","47.1"
"USW00014837","MADISON DANE CO REGIONAL AIRPORT, WI US","43.1405","-89.3452","264.0","2011-08","77.8"
"USW00014837","MADISON DANE CO REGIONAL AIRPORT, WI US","43.1405","-89.3452","264.0","2011-09","84.0"
"USW00014837","MADISON DANE CO REGIONAL AIRPORT, WI US","43.1405","-89.3452","264.0","2011-10","34.5"
"USW00014837","MADISON DANE CO REGIONAL AIRPORT, WI US","43.1405","-89.3452","264.0","2011-11","85.2"
"USW00014837","MADISON DANE CO REGIONAL AIRPORT, WI US","43.1405","-89.3452","264.0","2011-12","56.7"
"USW00014837","MADISON DANE CO REGIONAL AIRPORT, WI US","43.1405","-89.3452","264.0","2012-01","35.7"
"USW00014837","MADISON DANE CO REGIONAL AIRPORT, WI US","43.1405","-89.3452","264.0","2012-02","26.2"
"USW00014837","MADISON DANE CO REGIONAL AIRPORT, WI US","43.1405","-89.3452","264.0","2012-03","66.3"
"USW00014837","MADISON DANE CO REGIONAL AIRPORT, WI US","43.1405","-89.3452","264.0","2012-04","72.3"
"USW00014837","MADISON DANE CO REGIONAL AIRPORT, WI US","43.1405","-89.3452","264.0","2012-05","81.1"
"USW00014837","MADISON DANE CO REGIONAL AIRPORT, WI US","43.1405","-89.3452","264.0","2012-06","7.8"
"USW00014837","MADISON DANE CO REGIONAL AIRPORT, WI US","43.1405","-89.3452","264.0","2012-07","101.6"
"USW00014837","MADISON DANE CO REGIONAL AIRPORT, WI US","43.1405","-89.3452","264.0","2012-08","40.3"
"USW00014837","MADISON DANE CO REGIONAL AIRPORT, WI US","43.1405","-89.3452","264.0","2012-09","33.9"
"USW00014837","MADISON DANE CO REGIONAL AIRPORT, WI US","43.1405","-89.3452","264.0","2012-10","115.8"
"USW00014837","MADISON DANE CO REGIONAL AIRPORT, WI US","43.1405","-89.3452","264.0","2012-11","22.9"
"USW00014837","MADISON DANE CO REGIONAL AIRPORT, WI US","43.1405","-89.3452","264.0","2012-12","66.1"
"USW00014837","MADISON DANE CO REGIONAL AIRPORT, WI US","43.1405","-89.3452","264.0","2013-01","72.8"
"USW00014837","MADISON DANE CO REGIONAL AIRPORT, WI US","43.1405","-89.3452","264.0","2013-02","61.4"
"USW00014837","MADISON DANE CO REGIONAL AIRPORT, WI US","43.1405","-89.3452","264.0","2013-03","61.3"
"USW00014837","MADISON DANE CO REGIONAL AIRPORT, WI US","43.1405","-89.3452","264.0","2013-04","148.2"
"USW00014837","MADISON DANE CO REGIONAL AIRPORT, WI US","43.1405","-89.3452","264.0","2013-05","167.1"
"USW00014837","MADISON DANE CO REGIONAL AIRPORT, WI US","43.1405","-89.3452","264.0","2013-06","275.8"
"USW00014837","MADISON DANE CO REGIONAL AIRPORT, WI US","43.1405","-89.3452","264.0","2013-07","101.7"
"USW00014837","MADISON DANE CO REGIONAL AIRPORT, WI US","43.1405","-89.3452","264.0","2013-08","38.7"
"USW00014837","MADISON DANE CO REGIONAL AIRPORT, WI US","43.1405","-89.3452","264.0","2013-09","81.0"
"USW00014837","MADISON DANE CO REGIONAL AIRPORT, WI US","43.1405","-89.3452","264.0","2013-10","48.2"
"USW00014837","MADISON DANE CO REGIONAL AIRPORT, WI US","43.1405","-89.3452","264.0","2013-11","56.0"
"USW00014837","MADISON DANE CO REGIONAL AIRPORT, WI US","43.1405","-89.3452","264.0","2013-12","41.2"
"USW00014837","MADISON DANE CO REGIONAL AIRPORT, WI US","43.1405","-89.3452","264.0","2014-01","16.7"
"USW00014837","MADISON DANE CO REGIONAL AIRPORT, WI US","43.1405","-89.3452","264.0","2014-02","31.6"
"USW00014837","MADISON DANE CO REGIONAL AIRPORT, WI US","43.1405","-89.3452","264.0","2014-03","32.1"
"USW00014837","MADISON DANE CO REGIONAL AIRPORT, WI US","43.1405","-89.3452","264.0","2014-04","130.6"
"USW00014837","MADISON DANE CO REGIONAL AIRPORT, WI US","43.1405","-89.3452","264.0","2014-05","88.3"
"USW00014837","MADISON DANE CO REGIONAL AIRPORT, WI US","43.1405","-89.3452","264.0","2014-06","242.6"
"USW00014837","MADISON DANE CO REGIONAL AIRPORT, WI US","43.1405","-89.3452","264.0","2014-07","27.5"
"USW00014837","MADISON DANE CO REGIONAL AIRPORT, WI US","43.1405","-89.3452","264.0","2014-08","138.0"
"USW00014837","MADISON DANE CO REGIONAL AIRPORT, WI US","43.1405","-89.3452","264.0","2014-09","46.8"
"USW00014837","MADISON DANE CO REGIONAL AIRPORT, WI US","43.1405","-89.3452","264.0","2014-10","78.7"
"USW00014837","MADISON DANE CO REGIONAL AIRPORT, WI US","43.1405","-89.3452","264.0","2014-11","39.4"
"USW00014837","MADISON DANE CO REGIONAL AIRPORT, WI US","43.1405","-89.3452","264.0","2014-12","26.0"
"USW00014837","MADISON DANE CO REGIONAL AIRPORT, WI US","43.1405","-89.3452","264.0","2015-01","17.0"
"USW00014837","MADISON DANE CO REGIONAL AIRPORT, WI US","43.1405","-89.3452","264.0","2015-02","13.8"
"USW00014837","MADISON DANE CO REGIONAL AIRPORT, WI US","43.1405","-89.3452","264.0","2015-03","19.3"
"USW00014837","MADISON DANE CO REGIONAL AIRPORT, WI US","43.1405","-89.3452","264.0","2015-04","111.2"
"USW00014837","MADISON DANE CO REGIONAL AIRPORT, WI US","43.1405","-89.3452","264.0","2015-05","106.4"
"USW00014837","MADISON DANE CO REGIONAL AIRPORT, WI US","43.1405","-89.3452","264.0","2015-06","80.1"
"USW00014837","MADISON DANE CO REGIONAL AIRPORT, WI US","43.1405","-89.3452","264.0","2015-07","127.6"
"USW00014837","MADISON DANE CO REGIONAL AIRPORT, WI US","43.1405","-89.3452","264.0","2015-08","104.1"
"USW00014837","MADISON DANE CO REGIONAL AIRPORT, WI US","43.1405","-89.3452","264.0","2015-09","152.3"
"USW00014837","MADISON DANE CO REGIONAL AIRPORT, WI US","43.1405","-89.3452","264.0","2015-10","69.2"
"USW00014837","MADISON DANE CO REGIONAL AIRPORT, WI US","43.1405","-89.3452","264.0","2015-11","120.6"
"USW00014837","MADISON DANE CO REGIONAL AIRPORT, WI US","43.1405","-89.3452","264.0","2015-12","84.7"
"USW00014837","MADISON DANE CO REGIONAL AIRPORT, WI US","43.1405","-89.3452","264.0","2016-01","25.0"
"USW00014837","MADISON DANE CO REGIONAL AIRPORT, WI US","43.1405","-89.3452","264.0","2016-02","13.4"
"USW00014837","MADISON DANE CO REGIONAL AIRPORT, WI US","43.1405","-89.3452","264.0","2016-03","100.6"
"USW00014837","MADISON DANE CO REGIONAL AIRPORT, WI US","43.1405","-89.3452","264.0","2016-04","53.6"
"USW00014837","MADISON DANE CO REGIONAL AIRPORT, WI US","43.1405","-89.3452","264.0","2016-05","56.3"
"USW00014837","MADISON DANE CO REGIONAL AIRPORT, WI US","43.1405","-89.3452","264.0","2016-06","135.9"
"USW00014837","MADISON DANE CO REGIONAL AIRPORT, WI US","43.1405","-89.3452","264.0","2016-07","133.1"
"USW00014837","MADISON DANE CO REGIONAL AIRPORT, WI US","43.1405","-89.3452","264.0","2016-08","199.9"
"USW00014837","MADISON DANE CO REGIONAL AIRPORT, WI US","43.1405","-89.3452","264.0","2016-09","215.0"
"USW00014837","MADISON DANE CO REGIONAL AIRPORT, WI US","43.1405","-89.3452","264.0","2016-10","125.9"
"USW00014837","MADISON DANE CO REGIONAL AIRPORT, WI US","43.1405","-89.3452","264.0","2016-11","47.6"
"USW00014837","MADISON DANE CO REGIONAL AIRPORT, WI US","43.1405","-89.3452","264.0","2016-12","51.7"
"USW00014837","MADISON DANE CO REGIONAL AIRPORT, WI US","43.1405","-89.3452","264.0","2017-01","70.1"
"USW00014837","MADISON DANE CO REGIONAL AIRPORT, WI US","43.1405","-89.3452","264.0","2017-02","49.3"
"USW00014837","MADISON DANE CO REGIONAL AIRPORT, WI US","43.1405","-89.3452","264.0","2017-03","72.0"
"USW00014837","MADISON DANE CO REGIONAL AIRPORT, WI US","43.1405","-89.3452","264.0","2017-04","134.8"
"USW00014837","MADISON DANE CO REGIONAL AIRPORT, WI US","43.1405","-89.3452","264.0","2017-05","71.8"
"USW00014837","MADISON DANE CO REGIONAL AIRPORT, WI US","43.1405","-89.3452","264.0","2017-06","171.1"
"USW00014837","MADISON DANE CO REGIONAL AIRPORT, WI US","43.1405","-89.3452","264.0","2017-07","165.7"
"USW00014837","MADISON DANE CO REGIONAL AIRPORT, WI US","43.1405","-89.3452","264.0","2017-08","97.9"
"USW00014837","MADISON DANE CO REGIONAL AIRPORT, WI US","43.1405","-89.3452","264.0","2017-09","14.0"
"USW00014837","MADISON DANE CO REGIONAL AIRPORT, WI US","43.1405","-89.3452","264.0","2017-10","90.3"
"USW00014837","MADISON DANE CO REGIONAL AIRPORT, WI US","43.1405","-89.3452","264.0","2017-11","17.2"
"USW00014837","MADISON DANE CO REGIONAL AIRPORT, WI US","43.1405","-89.3452","264.0","2017-12","18.6"
"USW00014837","MADISON DANE CO REGIONAL AIRPORT, WI US","43.1405","-89.3452","264.0","2018-01","42.6"
"USW00014837","MADISON DANE CO REGIONAL AIRPORT, WI US","43.1405","-89.3452","264.0","2018-02","63.5"
"USW00014837","MADISON DANE CO REGIONAL AIRPORT, WI US","43.1405","-89.3452","264.0","2018-03","18.8"
"USW00014837","MADISON DANE CO REGIONAL AIRPORT, WI US","43.1405","-89.3452","264.0","2018-04","54.6"
"USW00014837","MADISON DANE CO REGIONAL AIRPORT, WI US","43.1405","-89.3452","264.0","2018-05","248.5"
"USW00014837","MADISON DANE CO REGIONAL AIRPORT, WI US","43.1405","-89.3452","264.0","2018-06","144.1"
"USW00014837","MADISON DANE CO REGIONAL AIRPORT, WI US","43.1405","-89.3452","264.0","2018-07","79.3"
"USW00014837","MADISON DANE CO REGIONAL AIRPORT, WI US","43.1405","-89.3452","264.0","2018-08","264.4"
"USW00014837","MADISON DANE CO REGIONAL AIRPORT, WI US","43.1405","-89.3452","264.0","2018-09","138.6"
"USW00014837","MADISON DANE CO REGIONAL AIRPORT, WI US","43.1405","-89.3452","264.0","2018-10","136.2"
"USW00014837","MADISON DANE CO REGIONAL AIRPORT, WI US","43.1405","-89.3452","264.0","2018-11","43.0"
"USW00014837","MADISON DANE CO REGIONAL AIRPORT, WI US","43.1405","-89.3452","264.0","2018-12","53.2"
"USW00014837","MADISON DANE CO REGIONAL AIRPORT, WI US","43.1405","-89.3452","264.0","2019-01","65.1"
"USW00014837","MADISON DANE CO REGIONAL AIRPORT, WI US","43.1405","-89.3452","264.0","2019-02","74.9"
"USW00014837","MADISON DANE CO REGIONAL AIRPORT, WI US","43.1405","-89.3452","264.0","2019-03","23.6"
"USW00014837","MADISON DANE CO REGIONAL AIRPORT, WI US","43.1405","-89.3452","264.0","2019-04","81.7"
"USW00014837","MADISON DANE CO REGIONAL AIRPORT, WI US","43.1405","-89.3452","264.0","2019-05","156.7"
"USW00014837","MADISON DANE CO REGIONAL AIRPORT, WI US","43.1405","-89.3452","264.0","2019-06","131.1"
"USW00014837","MADISON DANE CO REGIONAL AIRPORT, WI US","43.1405","-89.3452","264.0","2019-07","146.6"
"USW00014837","MADISON DANE CO REGIONAL AIRPORT, WI US","43.1405","-89.3452","264.0","2019-08","72.3"
"USW00014837","MADISON DANE CO REGIONAL AIRPORT, WI US","43.1405","-89.3452","264.0","2019-09","173.0"
"USW00014837","MADISON DANE CO REGIONAL AIRPORT, WI US","43.1405","-89.3452","264.0","2019-10","149.0"
"USW00014837","MADISON DANE CO REGIONAL AIRPORT, WI US","43.1405","-89.3452","264.0","2019-11","66.9"
"USW00014837","MADISON DANE CO REGIONAL AIRPORT, WI US","43.1405","-89.3452","264.0","2019-12","38.6"
