STATION,NAME,LATITUDE,LONGITUDE,ELEVATION,DATE,PRCP
USW00014942,"OMAHA EPPLEY AIRFIELD, NE US",41.3102,-95.8991,299.3,1948-01,7.4
USW00014942,"OMAHA EPPLEY AIRFIELD, NE US",41.3102,-95.8991,299.3,1948-02,49
USW00014942,"OMAHA EPPLEY AIRFIELD, NE US",41.3102,-95.8991,299.3,1948-03,44.3
USW00014942,"OMAHA EPPLEY AIRFIELD, NE US",41.3102,-95.8991,299.3,1948-04,65.4
USW00014942,"OMAHA EPPLEY AIRFIELD, NE US",41.3102,-95.8991,299.3,1948-05,14.2
USW00014942,"OMAHA EPPLEY AIRFIELD, NE US",41.3102,-95.8991,299.3,1948-06,56.2
USW00014942,"OMAHA EPPLEY AIRFIELD, NE US",41.3102,-95.8991,299.3,1948-07,150.2
USW00014942,"OMAHA EPPLEY AIRFIELD, NE US",41.3102,-95.8991,299.3,1948-08,88.5
USW00014942,"OMAHA EPPLEY AIRFIELD, NE US",41.3102,-95.8991,299.3,1948-09,123.6
USW00014942,"OMAHA EPPLEY AIRFIELD, NE US",41.3102,-95.8991,299.3,1948-10,42.4
USW00014942,"OMAHA EPPLEY AIRFIELD, NE US",41.3102,-95.8991,299.3,1948-11,102.9
USW00014942,"OMAHA EPPLEY AIRFIELD, NE US",41.3102,-95.8991,299.3,1948-12,26.1
USW00014942,"OMAHA EPPLEY AIRFIELD, NE US",41.3102,-95.8991,299.3,1949-01,94.1
USW00014942,"OMAHA EPPLEY AIRFIELD, NE US",41.3102,-95.8991,299.3,1949-02,36.7
USW00014942,"OMAHA EPPLEY AIRFIELD, NE US",41.3102,-95.8991,299.3,1949-03,35.5
USW00014942,"OMAHA EPPLEY AIRFIELD, NE US",41.3102,-95.8991,299.3,1949-04,30.4
USW00014942,"OMAHA EPPLEY AIRFIELD, NE US",41.3102,-95.8991,299.3,1949-05,100.1
USW00014942,"OMAHA EPPLEY AIRFIELD, NE US",41.3102,-95.8991,299.3,1949-06,171
USW00014942,"OMAHA EPPLEY AIRFIELD, NE US",41.3102,-95.8991,299.3,1949-07,51.8
USW00014942,"OMAHA EPPLEY AIRFIELD, NE US",41.3102,-95.8991,299.3,1949-08,87.2
USW00014942,"OMAHA EPPLEY AIRFIELD, NE US",41.3102,-95.8991,299.3,1949-09,80.6
USW00014942,"OMAHA EPPLEY AIRFIELD, NE US",41.3102,-95.8991,299.3,1949-10,81.8
USW00014942,"OMAHA EPPLEY AIRFIELD, NE US",41.3102,-95.8991,299.3,1949-11,1
USW00014942,"OMAHA EPPLEY AIRFIELD, NE US",41.3102,-95.8991,299.3,1949-12,5
USW00014942,"OMAHA EPPLEY AIRFIELD, NE US",41.3102,-95.8991,299.3,1950-01,24.1
USW00014942,"OMAHA EPPLEY AIRFIELD, NE US",41.3102,-95.8991,299.3,1950-02,35.6
USW00014942,"OMAHA EPPLEY AIRFIELD, NE US",41.3102,-95.8991,299.3,1950-03,15.3
USW00014942,"OMAHA EPPLEY AIRFIELD, NE US",41.3102,-95.8991,299.3,1950-04,43.5
USW00014942,"OMAHA EPPLEY AIRFIELD, NE US",41.3102,-95.8991,299.3,1950-05,125.6
USW00014942,"OMAHA EPPLEY AIRFIELD, NE US",41.3102,-95.8991,299.3,1950-06,42.9
USW00014942,"OMAHA EPPLEY AIRFIELD, NE US",41.3102,-95.8991,299.3,1950-07,169
USW00014942,"OMAHA EPPLEY AIRFIELD, NE US",41.3102,-95.8991,299.3,1950-08,152.6
USW00014942,"OMAHA EPPLEY AIRFIELD, NE US",41.3102,-95.8991,299.3,1950-09,12
USW00014942,"OMAHA EPPLEY AIRFIELD, NE US",41.3102,-95.8991,299.3,1950-10,74.9
USW00014942,"OMAHA EPPLEY AIRFIELD, NE US",41.3102,-95.8991,299.3,1950-11,12.3
USW00014942,"OMAHA EPPLEY AIRFIELD, NE US",41.3102,-95.8991,299.3,1950-12,4.9
USW00014942,"OMAHA EPPLEY AIRFIELD, NE US",41.3102,-95.8991,299.3,1951-01,16.7
USW00014942,"OMAHA EPPLEY AIRFIELD, NE US",41.3102,-95.8991,299.3,1951-02,51.4
USW00014942,"OMAHA EPPLEY AIRFIELD, NE US",41.3102,-95.8991,299.3,1951-03,81
USW00014942,"OMAHA EPPLEY AIRFIELD, NE US",41.3102,-95.8991,299.3,1951-04,163.7
USW00014942,"OMAHA EPPLEY AIRFIELD, NE US",41.3102,-95.8991,299.3,1951-05,180.2
USW00014942,"OMAHA EPPLEY AIRFIELD, NE US",41.3102,-95.8991,299.3,1951-06,123.9
USW00014942,"OMAHA EPPLEY AIRFIELD, NE US",41.3102,-95.8991,299.3,1951-07,103.7
USW00014942,"OMAHA EPPLEY AIRFIELD, NE US",41.3102,-95.8991,299.3,1951-08,178.7
USW00014942,"OMAHA EPPLEY AIRFIELD, NE US",41.3102,-95.8991,299.3,1951-09,68.9
USW00014942,"OMAHA EPPLEY AIRFIELD, NE US",41.3102,-95.8991,299.3,1951-10,26
USW00014942,"OMAHA EPPLEY AIRFIELD, NE US",41.3102,-95.8991,299.3,1951-11,13.1
USW00014942,"OMAHA EPPLEY AIRFIELD, NE US",41.3102,-95.8991,299.3,1951-12,24.7
USW00014942,"OMAHA EPPLEY AIRFIELD, NE US",41.3102,-95.8991,299.3,1952-01,18.5
USW00014942,"OMAHA EPPLEY AIRFIELD, NE US",41.3102,-95.8991,299.3,1952-02,17.3
USW00014942,"OMAHA EPPLEY AIRFIELD, NE US",41.3102,-95.8991,299.3,1952-03,59.8
USW00014942,"OMAHA EPPLEY AIRFIELD, NE US",41.3102,-95.8991,299.3,1952-04,74.7
USW00014942,"OMAHA EPPLEY AIRFIELD, NE US",41.3102,-95.8991,299.3,1952-05,104
USW00014942,"OMAHA EPPLEY AIRFIELD, NE US",41.3102,-95.8991,299.3,1952-06,123
USW00014942,"OMAHA EPPLEY AIRFIELD, NE US",41.3102,-95.8991,299.3,1952-07,72.3
USW00014942,"OMAHA EPPLEY AIRFIELD, NE US",41.3102,-95.8991,299.3,1952-08,171.6
USW00014942,"OMAHA EPPLEY AIRFIELD, NE US",41.3102,-95.8991,299.3,1952-09,40.3
USW00014942,"OMAHA EPPLEY AIRFIELD, NE US",41.3102,-95.8991,299.3,1952-10,0
USW00014942,"OMAHA EPPLEY AIRFIELD, NE US",41.3102,-95.8991,299.3,1952-11,85.1
USW00014942,"OMAHA EPPLEY AIRFIELD, NE US",41.3102,-95.8991,299.3,1952-12,26
USW00014942,"OMAHA EPPLEY AIRFIELD, NE US",41.3102,-95.8991,299.3,1953-01,11.7
USW00014942,"OMAHA EPPLEY AIRFIELD, NE US",41.3102,-95.8991,299.3,1953-02,20.4
USW00014942,"OMAHA EPPLEY AIRFIELD, NE US",41.3102,-95.8991,299.3,1953-03,45.1
USW00014942,"OMAHA EPPLEY AIRFIELD, NE US",41.3102,-95.8991,299.3,1953-04,69
USW00014942,"OMAHA EPPLEY AIRFIELD, NE US",41.3102,-95.8991,299.3,1953-05,50.9
USW00014942,"OMAHA EPPLEY AIRFIELD, NE US",41.3102,-95.8991,299.3,1953-06,94.6
USW00014942,"OMAHA EPPLEY AIRFIELD, NE US",41.3102,-95.8991,299.3,1953-07,26.2
USW00014942,"OMAHA EPPLEY AIRFIELD, NE US",41.3102,-95.8991,299.3,1953-08,36.9
USW00014942,"OMAHA EPPLEY AIRFIELD, NE US",41.3102,-95.8991,299.3,1953-09,10.5
USW00014942,"OMAHA EPPLEY AIRFIELD, NE US",41.3102,-95.8991,299.3,1953-10,19.4
USW00014942,"OMAHA EPPLEY AIRFIELD, NE US",41.3102,-95.8991,299.3,1953-11,54.1
USW00014942,"OMAHA EPPLEY AIRFIELD, NE US",41.3102,-95.8991,299.3,1953-12,30.3
USW00014942,"OMAHA EPPLEY AIRFIELD, NE US",41.3102,-95.8991,299.3,1954-01,6.2
USW00014942,"OMAHA EPPLEY AIRFIELD, NE US",41.3102,-95.8991,299.3,1954-02,65.7
USW00014942,"OMAHA EPPLEY AIRFIELD, NE US",41.3102,-95.8991,299.3,1954-03,18.2
USW00014942,"OMAHA EPPLEY AIRFIELD, NE US",41.3102,-95.8991,299.3,1954-04,73.4
USW00014942,"OMAHA EPPLEY AIRFIELD, NE US",41.3102,-95.8991,299.3,1954-05,84.3
USW00014942,"OMAHA EPPLEY AIRFIELD, NE US",41.3102,-95.8991,299.3,1954-06,81.4
USW00014942,"OMAHA EPPLEY AIRFIELD, NE US",41.3102,-95.8991,299.3,1954-07,18.3
USW00014942,"OMAHA EPPLEY AIRFIELD, NE US",41.3102,-95.8991,299.3,1954-08,173.9
USW00014942,"OMAHA EPPLEY AIRFIELD, NE US",41.3102,-95.8991,299.3,1954-09,32.5
USW00014942,"OMAHA EPPLEY AIRFIELD, NE US",41.3102,-95.8991,299.3,1954-10,79.1
USW00014942,"OMAHA EPPLEY AIRFIELD, NE US",41.3102,-95.8991,299.3,1954-11,1
USW00014942,"OMAHA EPPLEY AIRFIELD, NE US",41.3102,-95.8991,299.3,1954-12,1.8
USW00014942,"OMAHA EPPLEY AIRFIELD, NE US",41.3102,-95.8991,299.3,1955-01,19.1
USW00014942,"OMAHA EPPLEY AIRFIELD, NE US",41.3102,-95.8991,299.3,1955-02,27.1
USW00014942,"OMAHA EPPLEY AIRFIELD, NE US",41.3102,-95.8991,299.3,1955-03,19.7
USW00014942,"OMAHA EPPLEY AIRFIELD, NE US",41.3102,-95.8991,299.3,1955-04,89.4
USW00014942,"OMAHA EPPLEY AIRFIELD, NE US",41.3102,-95.8991,299.3,1955-05,30.8
USW00014942,"OMAHA EPPLEY AIRFIELD, NE US",41.3102,-95.8991,299.3,1955-06,109.5
USW00014942,"OMAHA EPPLEY AIRFIELD, NE US",41.3102,-95.8991,299.3,1955-07,103.1
USW00014942,"OMAHA EPPLEY AIRFIELD, NE US",41.3102,-95.8991,299.3,1955-08,33.3
USW00014942,"OMAHA EPPLEY AIRFIELD, NE US",41.3102,-95.8991,299.3,1955-09,93.4
USW00014942,"OMAHA EPPLEY AIRFIELD, NE US",41.3102,-95.8991,299.3,1955-10,10.2
USW00014942,"OMAHA EPPLEY AIRFIELD, NE US",41.3102,-95.8991,299.3,1955-11,1.1
USW00014942,"OMAHA EPPLEY AIRFIELD, NE US",41.3102,-95.8991,299.3,1955-12,5.7
USW00014942,"OMAHA EPPLEY AIRFIELD, NE US",41.3102,-95.8991,299.3,1956-01,18.1
USW00014942,"OMAHA EPPLEY AIRFIELD, NE US",41.3102,-95.8991,299.3,1956-02,8.2
USW00014942,"OMAHA EPPLEY AIRFIELD, NE US",41.3102,-95.8991,299.3,1956-03,3.1
USW00014942,"OMAHA EPPLEY AIRFIELD, NE US",41.3102,-95.8991,299.3,1956-04,30.3
USW00014942,"OMAHA EPPLEY AIRFIELD, NE US",41.3102,-95.8991,299.3,1956-05,33.4
USW00014942,"OMAHA EPPLEY AIRFIELD, NE US",41.3102,-95.8991,299.3,1956-06,67.9
USW00014942,"OMAHA EPPLEY AIRFIELD, NE US",41.3102,-95.8991,299.3,1956-07,189
USW00014942,"OMAHA EPPLEY AIRFIELD, NE US",41.3102,-95.8991,299.3,1956-08,89.4
USW00014942,"OMAHA EPPLEY AIRFIELD, NE US",41.3102,-95.8991,299.3,1956-09,52.6
USW00014942,"OMAHA EPPLEY AIRFIELD, NE US",41.3102,-95.8991,299.3,1956-10,49.1
USW00014942,"OMAHA EPPLEY AIRFIELD, NE US",41.3102,-95.8991,299.3,1956-11,46
USW00014942,"OMAHA EPPLEY AIRFIELD, NE US",41.3102,-95.8991,299.3,1956-12,4.6
USW00014942,"OMAHA EPPLEY AIRFIELD, NE US",41.3102,-95.8991,299.3,1957-01,9.6
USW00014942,"OMAHA EPPLEY AIRFIELD, NE US",41.3102,-95.8991,299.3,1957-02,3.4
USW00014942,"OMAHA EPPLEY AIRFIELD, NE US",41.3102,-95.8991,299.3,1957-03,62
USW00014942,"OMAHA EPPLEY AIRFIELD, NE US",41.3102,-95.8991,299.3,1957-04,60.3
USW00014942,"OMAHA EPPLEY AIRFIELD, NE US",41.3102,-95.8991,299.3,1957-05,127.3
USW00014942,"OMAHA EPPLEY AIRFIELD, NE US",41.3102,-95.8991,299.3,1957-06,159.4
USW00014942,"OMAHA EPPLEY AIRFIELD, NE US",41.3102,-95.8991,299.3,1957-07,44.4
USW00014942,"OMAHA EPPLEY AIRFIELD, NE US",41.3102,-95.8991,299.3,1957-08,184.1
USW00014942,"OMAHA EPPLEY AIRFIELD, NE US",41.3102,-95.8991,299.3,1957-09,62
USW00014942,"OMAHA EPPLEY AIRFIELD, NE US",41.3102,-95.8991,299.3,1957-10,96.7
USW00014942,"OMAHA EPPLEY AIRFIELD, NE US",41.3102,-95.8991,299.3,1957-11,55.7
USW00014942,"OMAHA EPPLEY AIRFIELD, NE US",41.3102,-95.8991,299.3,1957-12,10.8
USW00014942,"OMAHA EPPLEY AIRFIELD, NE US",41.3102,-95.8991,299.3,1958-01,30.1
USW00014942,"OMAHA EPPLEY AIRFIELD, NE US",41.3102,-95.8991,299.3,1958-02,21.6
USW00014942,"OMAHA EPPLEY AIRFIELD, NE US",41.3102,-95.8991,299.3,1958-03,21.2
USW00014942,"OMAHA EPPLEY AIRFIELD, NE US",41.3102,-95.8991,299.3,1958-04,106.2
USW00014942,"OMAHA EPPLEY AIRFIELD, NE US",41.3102,-95.8991,299.3,1958-05,47.5
USW00014942,"OMAHA EPPLEY AIRFIELD, NE US",41.3102,-95.8991,299.3,1958-06,32.8
USW00014942,"OMAHA EPPLEY AIRFIELD, NE US",41.3102,-95.8991,299.3,1958-07,243.7
USW00014942,"OMAHA EPPLEY AIRFIELD, NE US",41.3102,-95.8991,299.3,1958-08,78.1
USW00014942,"OMAHA EPPLEY AIRFIELD, NE US",41.3102,-95.8991,299.3,1958-09,106.1
USW00014942,"OMAHA EPPLEY AIRFIELD, NE US",41.3102,-95.8991,299.3,1958-10,2.1
USW00014942,"OMAHA EPPLEY AIRFIELD, NE US",41.3102,-95.8991,299.3,1958-11,27.2
USW00014942,"OMAHA EPPLEY AIRFIELD, NE US",41.3102,-95.8991,299.3,1958-12,1.6
USW00014942,"OMAHA EPPLEY AIRFIELD, NE US",41.3102,-95.8991,299.3,1959-01,14.3
USW00014942,"OMAHA EPPLEY AIRFIELD, NE US",41.3102,-95.8991,299.3,1959-02,23.5
USW00014942,"OMAHA EPPLEY AIRFIELD, NE US",41.3102,-95.8991,299.3,1959-03,85.1
USW00014942,"OMAHA EPPLEY AIRFIELD, NE US",41.3102,-95.8991,299.3,1959-04,67
USW00014942,"OMAHA EPPLEY AIRFIELD, NE US",41.3102,-95.8991,299.3,1959-05,262.5
USW00014942,"OMAHA EPPLEY AIRFIELD, NE US",41.3102,-95.8991,299.3,1959-06,140.6
USW00014942,"OMAHA EPPLEY AIRFIELD, NE US",41.3102,-95.8991,299.3,1959-07,23
USW00014942,"OMAHA EPPLEY AIRFIELD, NE US",41.3102,-95.8991,299.3,1959-08,231.7
USW00014942,"OMAHA EPPLEY AIRFIELD, NE US",41.3102,-95.8991,299.3,1959-09,56
USW00014942,"OMAHA EPPLEY AIRFIELD, NE US",41.3102,-95.8991,299.3,1959-10,54.6
USW00014942,"OMAHA EPPLEY AIRFIELD, NE US",41.3102,-95.8991,299.3,1959-11,16.5
USW00014942,"OMAHA EPPLEY AIRFIELD, NE US",41.3102,-95.8991,299.3,1959-12,28.7
USW00014942,"OMAHA EPPLEY AIRFIELD, NE US",41.3102,-95.8991,299.3,1960-01,29.9
USW00014942,"OMAHA EPPLEY AIRFIELD, NE US",41.3102,-95.8991,299.3,1960-02,29.9
USW00014942,"OMAHA EPPLEY AIRFIELD, NE US",41.3102,-95.8991,299.3,1960-03,52.7
USW00014942,"OMAHA EPPLEY AIRFIELD, NE US",41.3102,-95.8991,299.3,1960-04,50.5
USW00014942,"OMAHA EPPLEY AIRFIELD, NE US",41.3102,-95.8991,299.3,1960-05,165.9
USW00014942,"OMAHA EPPLEY AIRFIELD, NE US",41.3102,-95.8991,299.3,1960-06,144.6
USW00014942,"OMAHA EPPLEY AIRFIELD, NE US",41.3102,-95.8991,299.3,1960-07,47
USW00014942,"OMAHA EPPLEY AIRFIELD, NE US",41.3102,-95.8991,299.3,1960-08,180.9
USW00014942,"OMAHA EPPLEY AIRFIELD, NE US",41.3102,-95.8991,299.3,1960-09,102.8
USW00014942,"OMAHA EPPLEY AIRFIELD, NE US",41.3102,-95.8991,299.3,1960-10,26.6
USW00014942,"OMAHA EPPLEY AIRFIELD, NE US",41.3102,-95.8991,299.3,1960-11,2.8
USW00014942,"OMAHA EPPLEY AIRFIELD, NE US",41.3102,-95.8991,299.3,1960-12,10.1
USW00014942,"OMAHA EPPLEY AIRFIELD, NE US",41.3102,-95.8991,299.3,1961-01,5.9
USW00014942,"OMAHA EPPLEY AIRFIELD, NE US",41.3102,-95.8991,299.3,1961-02,20.1
USW00014942,"OMAHA EPPLEY AIRFIELD, NE US",41.3102,-95.8991,299.3,1961-03,91.4
USW00014942,"OMAHA EPPLEY AIRFIELD, NE US",41.3102,-95.8991,299.3,1961-04,41.8
USW00014942,"OMAHA EPPLEY AIRFIELD, NE US",41.3102,-95.8991,299.3,1961-05,151.9
USW00014942,"OMAHA EPPLEY AIRFIELD, NE US",41.3102,-95.8991,299.3,1961-06,112.7
USW00014942,"OMAHA EPPLEY AIRFIELD, NE US",41.3102,-95.8991,299.3,1961-07,79.3
USW00014942,"OMAHA EPPLEY AIRFIELD, NE US",41.3102,-95.8991,299.3,1961-08,115.8
USW00014942,"OMAHA EPPLEY AIRFIELD, NE US",41.3102,-95.8991,299.3,1961-09,121.2
USW00014942,"OMAHA EPPLEY AIRFIELD, NE US",41.3102,-95.8991,299.3,1961-10,126.8
USW00014942,"OMAHA EPPLEY AIRFIELD, NE US",41.3102,-95.8991,299.3,1961-11,56.8
USW00014942,"OMAHA EPPLEY AIRFIELD, NE US",41.3102,-95.8991,299.3,1961-12,38.3
USW00014942,"OMAHA EPPLEY AIRFIELD, NE US",41.3102,-95.8991,299.3,1962-01,10.4
USW00014942,"OMAHA EPPLEY AIRFIELD, NE US",41.3102,-95.8991,299.3,1962-02,49.4
USW00014942,"OMAHA EPPLEY AIRFIELD, NE US",41.3102,-95.8991,299.3,1962-03,39.2
USW00014942,"OMAHA EPPLEY AIRFIELD, NE US",41.3102,-95.8991,299.3,1962-04,16.4
USW00014942,"OMAHA EPPLEY AIRFIELD, NE US",41.3102,-95.8991,299.3,1962-05,133.6
USW00014942,"OMAHA EPPLEY AIRFIELD, NE US",41.3102,-95.8991,299.3,1962-06,65.2
USW00014942,"OMAHA EPPLEY AIRFIELD, NE US",41.3102,-95.8991,299.3,1962-07,191.7
USW00014942,"OMAHA EPPLEY AIRFIELD, NE US",41.3102,-95.8991,299.3,1962-08,96.6
USW00014942,"OMAHA EPPLEY AIRFIELD, NE US",41.3102,-95.8991,299.3,1962-09,96.3
USW00014942,"OMAHA EPPLEY AIRFIELD, NE US",41.3102,-95.8991,299.3,1962-10,44.3
USW00014942,"OMAHA EPPLEY AIRFIELD, NE US",41.3102,-95.8991,299.3,1962-11,17.3
USW00014942,"OMAHA EPPLEY AIRFIELD, NE US",41.3102,-95.8991,299.3,1962-12,20.4
USW00014942,"OMAHA EPPLEY AIRFIELD, NE US",41.3102,-95.8991,299.3,1963-01,27.8
USW00014942,"OMAHA EPPLEY AIRFIELD, NE US",41.3102,-95.8991,299.3,1963-02,9.3
USW00014942,"OMAHA EPPLEY AIRFIELD, NE US",41.3102,-95.8991,299.3,1963-03,77.6
USW00014942,"OMAHA EPPLEY AIRFIELD, NE US",41.3102,-95.8991,299.3,1963-04,87.1
USW00014942,"OMAHA EPPLEY AIRFIELD, NE US",41.3102,-95.8991,299.3,1963-05,32.8
USW00014942,"OMAHA EPPLEY AIRFIELD, NE US",41.3102,-95.8991,299.3,1963-06,118.6
USW00014942,"OMAHA EPPLEY AIRFIELD, NE US",41.3102,-95.8991,299.3,1963-07,57.2
USW00014942,"OMAHA EPPLEY AIRFIELD, NE US",41.3102,-95.8991,299.3,1963-08,122.5
USW00014942,"OMAHA EPPLEY AIRFIELD, NE US",41.3102,-95.8991,299.3,1963-09,55.4
USW00014942,"OMAHA EPPLEY AIRFIELD, NE US",41.3102,-95.8991,299.3,1963-10,26.7
USW00014942,"OMAHA EPPLEY AIRFIELD, NE US",41.3102,-95.8991,299.3,1963-11,9.9
USW00014942,"OMAHA EPPLEY AIRFIELD, NE US",41.3102,-95.8991,299.3,1963-12,12.3
USW00014942,"OMAHA EPPLEY AIRFIELD, NE US",41.3102,-95.8991,299.3,1964-01,13.7
USW00014942,"OMAHA EPPLEY AIRFIELD, NE US",41.3102,-95.8991,299.3,1964-02,9.3
USW00014942,"OMAHA EPPLEY AIRFIELD, NE US",41.3102,-95.8991,299.3,1964-03,40.2
USW00014942,"OMAHA EPPLEY AIRFIELD, NE US",41.3102,-95.8991,299.3,1964-04,111.7
USW00014942,"OMAHA EPPLEY AIRFIELD, NE US",41.3102,-95.8991,299.3,1964-05,189.5
USW00014942,"OMAHA EPPLEY AIRFIELD, NE US",41.3102,-95.8991,299.3,1964-06,162.6
USW00014942,"OMAHA EPPLEY AIRFIELD, NE US",41.3102,-95.8991,299.3,1964-07,117
USW00014942,"OMAHA EPPLEY AIRFIELD, NE US",41.3102,-95.8991,299.3,1964-08,105
USW00014942,"OMAHA EPPLEY AIRFIELD, NE US",41.3102,-95.8991,299.3,1964-09,66.1
USW00014942,"OMAHA EPPLEY AIRFIELD, NE US",41.3102,-95.8991,299.3,1964-10,12.7
USW00014942,"OMAHA EPPLEY AIRFIELD, NE US",41.3102,-95.8991,299.3,1964-11,57.5
USW00014942,"OMAHA EPPLEY AIRFIELD, NE US",41.3102,-95.8991,299.3,1964-12,21.4
USW00014942,"OMAHA EPPLEY AIRFIELD, NE US",41.3102,-95.8991,299.3,1965-01,15.3
USW00014942,"OMAHA EPPLEY AIRFIELD, NE US",41.3102,-95.8991,299.3,1965-02,75.4
USW00014942,"OMAHA EPPLEY AIRFIELD, NE US",41.3102,-95.8991,299.3,1965-03,66.9
USW00014942,"OMAHA EPPLEY AIRFIELD, NE US",41.3102,-95.8991,299.3,1965-04,94.2
USW00014942,"OMAHA EPPLEY AIRFIELD, NE US",41.3102,-95.8991,299.3,1965-05,157.2
USW00014942,"OMAHA EPPLEY AIRFIELD, NE US",41.3102,-95.8991,299.3,1965-06,131
USW00014942,"OMAHA EPPLEY AIRFIELD, NE US",41.3102,-95.8991,299.3,1965-07,111.5
USW00014942,"OMAHA EPPLEY AIRFIELD, NE US",41.3102,-95.8991,299.3,1965-08,52.5
USW00014942,"OMAHA EPPLEY AIRFIELD, NE US",41.3102,-95.8991,299.3,1965-09,349.2
USW00014942,"OMAHA EPPLEY AIRFIELD, NE US",41.3102,-95.8991,299.3,1965-10,19.3
USW00014942,"OMAHA EPPLEY AIRFIELD, NE US",41.3102,-95.8991,299.3,1965-11,31.5
USW00014942,"OMAHA EPPLEY AIRFIELD, NE US",41.3102,-95.8991,299.3,1965-12,35.6
USW00014942,"OMAHA EPPLEY AIRFIELD, NE US",41.3102,-95.8991,299.3,1966-01,20.5
USW00014942,"OMAHA EPPLEY AIRFIELD, NE US",41.3102,-95.8991,299.3,1966-02,10.6
USW00014942,"OMAHA EPPLEY AIRFIELD, NE US",41.3102,-95.8991,299.3,1966-03,22.4
USW00014942,"OMAHA EPPLEY AIRFIELD, NE US",41.3102,-95.8991,299.3,1966-04,21.2
USW00014942,"OMAHA EPPLEY AIRFIELD, NE US",41.3102,-95.8991,299.3,1966-05,93.3
USW00014942,"OMAHA EPPLEY AIRFIELD, NE US",41.3102,-95.8991,299.3,1966-06,150.6
USW00014942,"OMAHA EPPLEY AIRFIELD, NE US",41.3102,-95.8991,299.3,1966-07,119.4
USW00014942,"OMAHA EPPLEY AIRFIELD, NE US",41.3102,-95.8991,299.3,1966-08,46.9
USW00014942,"OMAHA EPPLEY AIRFIELD, NE US",41.3102,-95.8991,299.3,1966-09,54.9
USW00014942,"OMAHA EPPLEY AIRFIELD, NE US",41.3102,-95.8991,299.3,1966-10,16.3
USW00014942,"OMAHA EPPLEY AIRFIELD, NE US",41.3102,-95.8991,299.3,1966-11,5.6
USW00014942,"OMAHA EPPLEY AIRFIELD, NE US",41.3102,-95.8991,299.3,1966-12,15.8
USW00014942,"OMAHA EPPLEY AIRFIELD, NE US",41.3102,-95.8991,299.3,1967-01,50.9
USW00014942,"OMAHA EPPLEY AIRFIELD, NE US",41.3102,-95.8991,299.3,1967-02,4.1
USW00014942,"OMAHA EPPLEY AIRFIELD, NE US",41.3102,-95.8991,299.3,1967-03,20.8
USW00014942,"OMAHA EPPLEY AIRFIELD, NE US",41.3102,-95.8991,299.3,1967-04,66.5
USW00014942,"OMAHA EPPLEY AIRFIELD, NE US",41.3102,-95.8991,299.3,1967-05,57.5
USW00014942,"OMAHA EPPLEY AIRFIELD, NE US",41.3102,-95.8991,299.3,1967-06,250.7
USW00014942,"OMAHA EPPLEY AIRFIELD, NE US",41.3102,-95.8991,299.3,1967-07,110.1
USW00014942,"OMAHA EPPLEY AIRFIELD, NE US",41.3102,-95.8991,299.3,1967-08,38.7
USW00014942,"OMAHA EPPLEY AIRFIELD, NE US",41.3102,-95.8991,299.3,1967-09,105.6
USW00014942,"OMAHA EPPLEY AIRFIELD, NE US",41.3102,-95.8991,299.3,1967-10,42.8
USW00014942,"OMAHA EPPLEY AIRFIELD, NE US",41.3102,-95.8991,299.3,1967-11,7.2
USW00014942,"OMAHA EPPLEY AIRFIELD, NE US",41.3102,-95.8991,299.3,1967-12,20.3
USW00014942,"OMAHA EPPLEY AIRFIELD, NE US",41.3102,-95.8991,299.3,1968-01,12.5
USW00014942,"OMAHA EPPLEY AIRFIELD, NE US",41.3102,-95.8991,299.3,1968-02,2.6
USW00014942,"OMAHA EPPLEY AIRFIELD, NE US",41.3102,-95.8991,299.3,1968-03,14.6
USW00014942,"OMAHA EPPLEY AIRFIELD, NE US",41.3102,-95.8991,299.3,1968-04,99.9
USW00014942,"OMAHA EPPLEY AIRFIELD, NE US",41.3102,-95.8991,299.3,1968-05,110.4
USW00014942,"OMAHA EPPLEY AIRFIELD, NE US",41.3102,-95.8991,299.3,1968-06,112.8
USW00014942,"OMAHA EPPLEY AIRFIELD, NE US",41.3102,-95.8991,299.3,1968-07,66.3
USW00014942,"OMAHA EPPLEY AIRFIELD, NE US",41.3102,-95.8991,299.3,1968-08,84
USW00014942,"OMAHA EPPLEY AIRFIELD, NE US",41.3102,-95.8991,299.3,1968-09,145.8
USW00014942,"OMAHA EPPLEY AIRFIELD, NE US",41.3102,-95.8991,299.3,1968-10,117.4
USW00014942,"OMAHA EPPLEY AIRFIELD, NE US",41.3102,-95.8991,299.3,1968-11,38.2
USW00014942,"OMAHA EPPLEY AIRFIELD, NE US",41.3102,-95.8991,299.3,1968-12,51.9
USW00014942,"OMAHA EPPLEY AIRFIELD, NE US",41.3102,-95.8991,299.3,1969-01,28.1
USW00014942,"OMAHA EPPLEY AIRFIELD, NE US",41.3102,-95.8991,299.3,1969-02,33.8
USW00014942,"OMAHA EPPLEY AIRFIELD, NE US",41.3102,-95.8991,299.3,1969-03,31.9
USW00014942,"OMAHA EPPLEY AIRFIELD, NE US",41.3102,-95.8991,299.3,1969-04,100.6
USW00014942,"OMAHA EPPLEY AIRFIELD, NE US",41.3102,-95.8991,299.3,1969-05,114.1
USW00014942,"OMAHA EPPLEY AIRFIELD, NE US",41.3102,-95.8991,299.3,1969-06,83.1
USW00014942,"OMAHA EPPLEY AIRFIELD, NE US",41.3102,-95.8991,299.3,1969-07,108.6
USW00014942,"OMAHA EPPLEY AIRFIELD, NE US",41.3102,-95.8991,299.3,1969-08,128.6
USW00014942,"OMAHA EPPLEY AIRFIELD, NE US",41.3102,-95.8991,299.3,1969-09,33.9
USW00014942,"OMAHA EPPLEY AIRFIELD, NE US",41.3102,-95.8991,299.3,1969-10,57.1
USW00014942,"OMAHA EPPLEY AIRFIELD, NE US",41.3102,-95.8991,299.3,1969-11,2.9
USW00014942,"OMAHA EPPLEY AIRFIELD, NE US",41.3102,-95.8991,299.3,1969-12,45.9
USW00014942,"OMAHA EPPLEY AIRFIELD, NE US",41.3102,-95.8991,299.3,1970-01,5.2
USW00014942,"OMAHA EPPLEY AIRFIELD, NE US",41.3102,-95.8991,299.3,1970-02,3.6
USW00014942,"OMAHA EPPLEY AIRFIELD, NE US",41.3102,-95.8991,299.3,1970-03,21.7
USW00014942,"OMAHA EPPLEY AIRFIELD, NE US",41.3102,-95.8991,299.3,1970-04,72.3
USW00014942,"OMAHA EPPLEY AIRFIELD, NE US",41.3102,-95.8991,299.3,1970-05,67.2
USW00014942,"OMAHA EPPLEY AIRFIELD, NE US",41.3102,-95.8991,299.3,1970-06,63
USW00014942,"OMAHA EPPLEY AIRFIELD, NE US",41.3102,-95.8991,299.3,1970-07,50.3
USW00014942,"OMAHA EPPLEY AIRFIELD, NE US",41.3102,-95.8991,299.3,1970-08,118.4
USW00014942,"OMAHA EPPLEY AIRFIELD, NE US",41.3102,-95.8991,299.3,1970-09,125.2
USW00014942,"OMAHA EPPLEY AIRFIELD, NE US",41.3102,-95.8991,299.3,1970-10,124.1
USW00014942,"OMAHA EPPLEY AIRFIELD, NE US",41.3102,-95.8991,299.3,1970-11,31.4
USW00014942,"OMAHA EPPLEY AIRFIELD, NE US",41.3102,-95.8991,299.3,1970-12,10.7
USW00014942,"OMAHA EPPLEY AIRFIELD, NE US",41.3102,-95.8991,299.3,1971-01,24.1
USW00014942,"OMAHA EPPLEY AIRFIELD, NE US",41.3102,-95.8991,299.3,1971-02,61.8
USW00014942,"OMAHA EPPLEY AIRFIELD, NE US",41.3102,-95.8991,299.3,1971-03,12.6
USW00014942,"OMAHA EPPLEY AIRFIELD, NE US",41.3102,-95.8991,299.3,1971-04,22.8
USW00014942,"OMAHA EPPLEY AIRFIELD, NE US",41.3102,-95.8991,299.3,1971-05,183.3
USW00014942,"OMAHA EPPLEY AIRFIELD, NE US",41.3102,-95.8991,299.3,1971-06,83.8
USW00014942,"OMAHA EPPLEY AIRFIELD, NE US",41.3102,-95.8991,299.3,1971-07,45.1
USW00014942,"OMAHA EPPLEY AIRFIELD, NE US",41.3102,-95.8991,299.3,1971-08,40.8
USW00014942,"OMAHA EPPLEY AIRFIELD, NE US",41.3102,-95.8991,299.3,1971-09,14.5
USW00014942,"OMAHA EPPLEY AIRFIELD, NE US",41.3102,-95.8991,299.3,1971-10,106.7
USW00014942,"OMAHA EPPLEY AIRFIELD, NE US",41.3102,-95.8991,299.3,1971-11,79.3
USW00014942,"OMAHA EPPLEY AIRFIELD, NE US",41.3102,-95.8991,299.3,1971-12,27
USW00014942,"OMAHA EPPLEY AIRFIELD, NE US",41.3102,-95.8991,299.3,1972-01,9.7
USW00014942,"OMAHA EPPLEY AIRFIELD, NE US",41.3102,-95.8991,299.3,1972-02,9.4
USW00014942,"OMAHA EPPLEY AIRFIELD, NE US",41.3102,-95.8991,299.3,1972-03,28.8
USW00014942,"OMAHA EPPLEY AIRFIELD, NE US",41.3102,-95.8991,299.3,1972-04,117.7
USW00014942,"OMAHA EPPLEY AIRFIELD, NE US",41.3102,-95.8991,299.3,1972-05,130.3
USW00014942,"OMAHA EPPLEY AIRFIELD, NE US",41.3102,-95.8991,299.3,1972-06,26.2
USW00014942,"OMAHA EPPLEY AIRFIELD, NE US",41.3102,-95.8991,299.3,1972-07,184.9
USW00014942,"OMAHA EPPLEY AIRFIELD, NE US",41.3102,-95.8991,299.3,1972-08,66.2
USW00014942,"OMAHA EPPLEY AIRFIELD, NE US",41.3102,-95.8991,299.3,1972-09,125.3
USW00014942,"OMAHA EPPLEY AIRFIELD, NE US",41.3102,-95.8991,299.3,1972-10,81.9
USW00014942,"OMAHA EPPLEY AIRFIELD, NE US",41.3102,-95.8991,299.3,1972-11,82.6
USW00014942,"OMAHA EPPLEY AIRFIELD, NE US",41.3102,-95.8991,299.3,1972-12,41.2
USW00014942,"OMAHA EPPLEY AIRFIELD, NE US",41.3102,-95.8991,299.3,1973-01,36.7
USW00014942,"OMAHA EPPLEY AIRFIELD, NE US",41.3102,-95.8991,299.3,1973-02,22.1
USW00014942,"OMAHA EPPLEY AIRFIELD, NE US",41.3102,-95.8991,299.3,1973-03,151.5
USW00014942,"OMAHA EPPLEY AIRFIELD, NE US",41.3102,-95.8991,299.3,1973-04,91.5
USW00014942,"OMAHA EPPLEY AIRFIELD, NE US",41.3102,-95.8991,299.3,1973-05,125.7
USW00014942,"OMAHA EPPLEY AIRFIELD, NE US",41.3102,-95.8991,299.3,1973-06,39.8
USW00014942,"OMAHA EPPLEY AIRFIELD, NE US",41.3102,-95.8991,299.3,1973-07,126.6
USW00014942,"OMAHA EPPLEY AIRFIELD, NE US",41.3102,-95.8991,299.3,1973-08,32.4
USW00014942,"OMAHA EPPLEY AIRFIELD, NE US",41.3102,-95.8991,299.3,1973-09,204.3
USW00014942,"OMAHA EPPLEY AIRFIELD, NE US",41.3102,-95.8991,299.3,1973-10,66
USW00014942,"OMAHA EPPLEY AIRFIELD, NE US",41.3102,-95.8991,299.3,1973-11,36.4
USW00014942,"OMAHA EPPLEY AIRFIELD, NE US",41.3102,-95.8991,299.3,1973-12,42.1
USW00014942,"OMAHA EPPLEY AIRFIELD, NE US",41.3102,-95.8991,299.3,1974-01,16
USW00014942,"OMAHA EPPLEY AIRFIELD, NE US",41.3102,-95.8991,299.3,1974-02,4.1
USW00014942,"OMAHA EPPLEY AIRFIELD, NE US",41.3102,-95.8991,299.3,1974-03,20.3
USW00014942,"OMAHA EPPLEY AIRFIELD, NE US",41.3102,-95.8991,299.3,1974-04,43.7
USW00014942,"OMAHA EPPLEY AIRFIELD, NE US",41.3102,-95.8991,299.3,1974-05,67.5
USW00014942,"OMAHA EPPLEY AIRFIELD, NE US",41.3102,-95.8991,299.3,1974-06,45.5
USW00014942,"OMAHA EPPLEY AIRFIELD, NE US",41.3102,-95.8991,299.3,1974-07,20.1
USW00014942,"OMAHA EPPLEY AIRFIELD, NE US",41.3102,-95.8991,299.3,1974-08,106.1
USW00014942,"OMAHA EPPLEY AIRFIELD, NE US",41.3102,-95.8991,299.3,1974-09,64.6
USW00014942,"OMAHA EPPLEY AIRFIELD, NE US",41.3102,-95.8991,299.3,1974-10,69.6
USW00014942,"OMAHA EPPLEY AIRFIELD, NE US",41.3102,-95.8991,299.3,1974-11,35.9
USW00014942,"OMAHA EPPLEY AIRFIELD, NE US",41.3102,-95.8991,299.3,1974-12,20.5
USW00014942,"OMAHA EPPLEY AIRFIELD, NE US",41.3102,-95.8991,299.3,1975-01,51.1
USW00014942,"OMAHA EPPLEY AIRFIELD, NE US",41.3102,-95.8991,299.3,1975-02,27.1
USW00014942,"OMAHA EPPLEY AIRFIELD, NE US",41.3102,-95.8991,299.3,1975-03,45.2
USW00014942,"OMAHA EPPLEY AIRFIELD, NE US",41.3102,-95.8991,299.3,1975-04,85.7
USW00014942,"OMAHA EPPLEY AIRFIELD, NE US",41.3102,-95.8991,299.3,1975-05,94.5
USW00014942,"OMAHA EPPLEY AIRFIELD, NE US",41.3102,-95.8991,299.3,1975-06,109.2
USW00014942,"OMAHA EPPLEY AIRFIELD, NE US",41.3102,-95.8991,299.3,1975-07,11.7
USW00014942,"OMAHA EPPLEY AIRFIELD, NE US",41.3102,-95.8991,299.3,1975-08,45.9
USW00014942,"OMAHA EPPLEY AIRFIELD, NE US",41.3102,-95.8991,299.3,1975-09,54.9
USW00014942,"OMAHA EPPLEY AIRFIELD, NE US",41.3102,-95.8991,299.3,1975-10,0.3
USW00014942,"OMAHA EPPLEY AIRFIELD, NE US",41.3102,-95.8991,299.3,1975-11,72.5
USW00014942,"OMAHA EPPLEY AIRFIELD, NE US",41.3102,-95.8991,299.3,1975-12,11.9
USW00014942,"OMAHA EPPLEY AIRFIELD, NE US",41.3102,-95.8991,299.3,1976-01,2.9
USW00014942,"OMAHA EPPLEY AIRFIELD, NE US",41.3102,-95.8991,299.3,1976-02,35.3
USW00014942,"OMAHA EPPLEY AIRFIELD, NE US",41.3102,-95.8991,299.3,1976-03,54
USW00014942,"OMAHA EPPLEY AIRFIELD, NE US",41.3102,-95.8991,299.3,1976-04,75.5
USW00014942,"OMAHA EPPLEY AIRFIELD, NE US",41.3102,-95.8991,299.3,1976-05,90.2
USW00014942,"OMAHA EPPLEY AIRFIELD, NE US",41.3102,-95.8991,299.3,1976-06,72.1
USW00014942,"OMAHA EPPLEY AIRFIELD, NE US",41.3102,-95.8991,299.3,1976-07,38.6
USW00014942,"OMAHA EPPLEY AIRFIELD, NE US",41.3102,-95.8991,299.3,1976-08,15.8
USW00014942,"OMAHA EPPLEY AIRFIELD, NE US",41.3102,-95.8991,299.3,1976-09,41.6
USW00014942,"OMAHA EPPLEY AIRFIELD, NE US",41.3102,-95.8991,299.3,1976-10,34.4
USW00014942,"OMAHA EPPLEY AIRFIELD, NE US",41.3102,-95.8991,299.3,1976-11,0.8
USW00014942,"OMAHA EPPLEY AIRFIELD, NE US",41.3102,-95.8991,299.3,1976-12,5.4
USW00014942,"OMAHA EPPLEY AIRFIELD, NE US",41.3102,-95.8991,299.3,1977-01,23.5
USW00014942,"OMAHA EPPLEY AIRFIELD, NE US",41.3102,-95.8991,299.3,1977-02,9.7
USW00014942,"OMAHA EPPLEY AIRFIELD, NE US",41.3102,-95.8991,299.3,1977-03,94.6
USW00014942,"OMAHA EPPLEY AIRFIELD, NE US",41.3102,-95.8991,299.3,1977-04,83.4
USW00014942,"OMAHA EPPLEY AIRFIELD, NE US",41.3102,-95.8991,299.3,1977-05,153.8
USW00014942,"OMAHA EPPLEY AIRFIELD, NE US",41.3102,-95.8991,299.3,1977-06,61.1
USW00014942,"OMAHA EPPLEY AIRFIELD, NE US",41.3102,-95.8991,299.3,1977-07,119.2
USW00014942,"OMAHA EPPLEY AIRFIELD, NE US",41.3102,-95.8991,299.3,1977-08,221
USW00014942,"OMAHA EPPLEY AIRFIELD, NE US",41.3102,-95.8991,299.3,1977-09,128.4
USW00014942,"OMAHA EPPLEY AIRFIELD, NE US",41.3102,-95.8991,299.3,1977-10,111.3
USW00014942,"OMAHA EPPLEY AIRFIELD, NE US",41.3102,-95.8991,299.3,1977-11,73.7
USW00014942,"OMAHA EPPLEY AIRFIELD, NE US",41.3102,-95.8991,299.3,1977-12,8.8
USW00014942,"OMAHA EPPLEY AIRFIELD, NE US",41.3102,-95.8991,299.3,1978-01,3.8
USW00014942,"OMAHA EPPLEY AIRFIELD, NE US",41.3102,-95.8991,299.3,1978-02,19.2
USW00014942,"OMAHA EPPLEY AIRFIELD, NE US",41.3102,-95.8991,299.3,1978-03,26.4
USW00014942,"OMAHA EPPLEY AIRFIELD, NE US",41.3102,-95.8991,299.3,1978-04,117
USW00014942,"OMAHA EPPLEY AIRFIELD, NE US",41.3102,-95.8991,299.3,1978-05,128.3
USW00014942,"OMAHA EPPLEY AIRFIELD, NE US",41.3102,-95.8991,299.3,1978-06,55.5
USW00014942,"OMAHA EPPLEY AIRFIELD, NE US",41.3102,-95.8991,299.3,1978-07,149.7
USW00014942,"OMAHA EPPLEY AIRFIELD, NE US",41.3102,-95.8991,299.3,1978-08,98.3
USW00014942,"OMAHA EPPLEY AIRFIELD, NE US",41.3102,-95.8991,299.3,1978-09,152.6
USW00014942,"OMAHA EPPLEY AIRFIELD, NE US",41.3102,-95.8991,299.3,1978-10,24.3
USW00014942,"OMAHA EPPLEY AIRFIELD, NE US",41.3102,-95.8991,299.3,1978-11,27.7
USW00014942,"OMAHA EPPLEY AIRFIELD, NE US",41.3102,-95.8991,299.3,1978-12,12.7
USW00014942,"OMAHA EPPLEY AIRFIELD, NE US",41.3102,-95.8991,299.3,1979-01,28
USW00014942,"OMAHA EPPLEY AIRFIELD, NE US",41.3102,-95.8991,299.3,1979-02,7.7
USW00014942,"OMAHA EPPLEY AIRFIELD, NE US",41.3102,-95.8991,299.3,1979-03,116.6
USW00014942,"OMAHA EPPLEY AIRFIELD, NE US",41.3102,-95.8991,299.3,1979-04,65.6
USW00014942,"OMAHA EPPLEY AIRFIELD, NE US",41.3102,-95.8991,299.3,1979-05,72.2
USW00014942,"OMAHA EPPLEY AIRFIELD, NE US",41.3102,-95.8991,299.3,1979-06,54.2
USW00014942,"OMAHA EPPLEY AIRFIELD, NE US",41.3102,-95.8991,299.3,1979-07,86.6
USW00014942,"OMAHA EPPLEY AIRFIELD, NE US",41.3102,-95.8991,299.3,1979-08,52.4
USW00014942,"OMAHA EPPLEY AIRFIELD, NE US",41.3102,-95.8991,299.3,1979-09,85.3
USW00014942,"OMAHA EPPLEY AIRFIELD, NE US",41.3102,-95.8991,299.3,1979-10,79.4
USW00014942,"OMAHA EPPLEY AIRFIELD, NE US",41.3102,-95.8991,299.3,1979-11,31.3
USW00014942,"OMAHA EPPLEY AIRFIELD, NE US",41.3102,-95.8991,299.3,1979-12,3.6
USW00014942,"OMAHA EPPLEY AIRFIELD, NE US",41.3102,-95.8991,299.3,1980-01,23.5
USW00014942,"OMAHA EPPLEY AIRFIELD, NE US",41.3102,-95.8991,299.3,1980-02,13.2
USW00014942,"OMAHA EPPLEY AIRFIELD, NE US",41.3102,-95.8991,299.3,1980-03,35.5
USW00014942,"OMAHA EPPLEY AIRFIELD, NE US",41.3102,-95.8991,299.3,1980-04,43.7
USW00014942,"OMAHA EPPLEY AIRFIELD, NE US",41.3102,-95.8991,299.3,1980-05,63.5
USW00014942,"OMAHA EPPLEY AIRFIELD, NE US",41.3102,-95.8991,299.3,1980-06,228.4
USW00014942,"OMAHA EPPLEY AIRFIELD, NE US",41.3102,-95.8991,299.3,1980-07,92.3
USW00014942,"OMAHA EPPLEY AIRFIELD, NE US",41.3102,-95.8991,299.3,1980-08,177.4
USW00014942,"OMAHA EPPLEY AIRFIELD, NE US",41.3102,-95.8991,299.3,1980-09,20.8
USW00014942,"OMAHA EPPLEY AIRFIELD, NE US",41.3102,-95.8991,299.3,1980-10,68.6
USW00014942,"OMAHA EPPLEY AIRFIELD, NE US",41.3102,-95.8991,299.3,1980-11,2.8
USW00014942,"OMAHA EPPLEY AIRFIELD, NE US",41.3102,-95.8991,299.3,1980-12,1.2
USW00014942,"OMAHA EPPLEY AIRFIELD, NE US",41.3102,-95.8991,299.3,1981-01,5.1
USW00014942,"OMAHA EPPLEY AIRFIELD, NE US",41.3102,-95.8991,299.3,1981-02,2.3
USW00014942,"OMAHA EPPLEY AIRFIELD, NE US",41.3102,-95.8991,299.3,1981-03,22.4
USW00014942,"OMAHA EPPLEY AIRFIELD, NE US",41.3102,-95.8991,299.3,1981-04,33.9
USW00014942,"OMAHA EPPLEY AIRFIELD, NE US",41.3102,-95.8991,299.3,1981-05,105
USW00014942,"OMAHA EPPLEY AIRFIELD, NE US",41.3102,-95.8991,299.3,1981-06,54.4
USW00014942,"OMAHA EPPLEY AIRFIELD, NE US",41.3102,-95.8991,299.3,1981-07,47.6
USW00014942,"OMAHA EPPLEY AIRFIELD, NE US",41.3102,-95.8991,299.3,1981-08,121.8
USW00014942,"OMAHA EPPLEY AIRFIELD, NE US",41.3102,-95.8991,299.3,1981-09,38.4
USW00014942,"OMAHA EPPLEY AIRFIELD, NE US",41.3102,-95.8991,299.3,1981-10,48.7
USW00014942,"OMAHA EPPLEY AIRFIELD, NE US",41.3102,-95.8991,299.3,1981-11,66.1
USW00014942,"OMAHA EPPLEY AIRFIELD, NE US",41.3102,-95.8991,299.3,1981-12,21.9
USW00014942,"OMAHA EPPLEY AIRFIELD, NE US",41.3102,-95.8991,299.3,1982-01,46.6
USW00014942,"OMAHA EPPLEY AIRFIELD, NE US",41.3102,-95.8991,299.3,1982-02,6.6
USW00014942,"OMAHA EPPLEY AIRFIELD, NE US",41.3102,-95.8991,299.3,1982-03,48.4
USW00014942,"OMAHA EPPLEY AIRFIELD, NE US",41.3102,-95.8991,299.3,1982-04,31
USW00014942,"OMAHA EPPLEY AIRFIELD, NE US",41.3102,-95.8991,299.3,1982-05,252.1
USW00014942,"OMAHA EPPLEY AIRFIELD, NE US",41.3102,-95.8991,299.3,1982-06,105.6
USW00014942,"OMAHA EPPLEY AIRFIELD, NE US",41.3102,-95.8991,299.3,1982-07,62.4
USW00014942,"OMAHA EPPLEY AIRFIELD, NE US",41.3102,-95.8991,299.3,1982-08,81.6
USW00014942,"OMAHA EPPLEY AIRFIELD, NE US",41.3102,-95.8991,299.3,1982-09,57.8
USW00014942,"OMAHA EPPLEY AIRFIELD, NE US",41.3102,-95.8991,299.3,1982-10,28
USW00014942,"OMAHA EPPLEY AIRFIELD, NE US",41.3102,-95.8991,299.3,1982-11,46
USW00014942,"OMAHA EPPLEY AIRFIELD, NE US",41.3102,-95.8991,299.3,1982-12,29.7
USW00014942,"OMAHA EPPLEY AIRFIELD, NE US",41.3102,-95.8991,299.3,1983-01,21.9
USW00014942,"OMAHA EPPLEY AIRFIELD, NE US",41.3102,-95.8991,299.3,1983-02,17.3
USW00014942,"OMAHA EPPLEY AIRFIELD, NE US",41.3102,-95.8991,299.3,1983-03,92.7
USW00014942,"OMAHA EPPLEY AIRFIELD, NE US",41.3102,-95.8991,299.3,1983-04,25.3
USW00014942,"OMAHA EPPLEY AIRFIELD, NE US",41.3102,-95.8991,299.3,1983-05,71.3
USW00014942,"OMAHA EPPLEY AIRFIELD, NE US",41.3102,-95.8991,299.3,1983-06,165.7
USW00014942,"OMAHA EPPLEY AIRFIELD, NE US",41.3102,-95.8991,299.3,1983-07,10
USW00014942,"OMAHA EPPLEY AIRFIELD, NE US",41.3102,-95.8991,299.3,1983-08,31.4
USW00014942,"OMAHA EPPLEY AIRFIELD, NE US",41.3102,-95.8991,299.3,1983-09,62.2
USW00014942,"OMAHA EPPLEY AIRFIELD, NE US",41.3102,-95.8991,299.3,1983-10,54.8
USW00014942,"OMAHA EPPLEY AIRFIELD, NE US",41.3102,-95.8991,299.3,1983-11,119.5
USW00014942,"OMAHA EPPLEY AIRFIELD, NE US",41.3102,-95.8991,299.3,1983-12,16
USW00014942,"OMAHA EPPLEY AIRFIELD, NE US",41.3102,-95.8991,299.3,1984-01,9.7
USW00014942,"OMAHA EPPLEY AIRFIELD, NE US",41.3102,-95.8991,299.3,1984-02,15.7
USW00014942,"OMAHA EPPLEY AIRFIELD, NE US",41.3102,-95.8991,299.3,1984-03,59
USW00014942,"OMAHA EPPLEY AIRFIELD, NE US",41.3102,-95.8991,299.3,1984-04,121.1
USW00014942,"OMAHA EPPLEY AIRFIELD, NE US",41.3102,-95.8991,299.3,1984-05,125.1
USW00014942,"OMAHA EPPLEY AIRFIELD, NE US",41.3102,-95.8991,299.3,1984-06,141.5
USW00014942,"OMAHA EPPLEY AIRFIELD, NE US",41.3102,-95.8991,299.3,1984-07,40.2
USW00014942,"OMAHA EPPLEY AIRFIELD, NE US",41.3102,-95.8991,299.3,1984-08,15.5
USW00014942,"OMAHA EPPLEY AIRFIELD, NE US",41.3102,-95.8991,299.3,1984-09,64.8
USW00014942,"OMAHA EPPLEY AIRFIELD, NE US",41.3102,-95.8991,299.3,1984-10,98.4
USW00014942,"OMAHA EPPLEY AIRFIELD, NE US",41.3102,-95.8991,299.3,1984-11,13.2
USW00014942,"OMAHA EPPLEY AIRFIELD, NE US",41.3102,-95.8991,299.3,1984-12,137.8
USW00014942,"OMAHA EPPLEY AIRFIELD, NE US",41.3102,-95.8991,299.3,1985-01,14.2
USW00014942,"OMAHA EPPLEY AIRFIELD, NE US",41.3102,-95.8991,299.3,1985-02,47.7
USW00014942,"OMAHA EPPLEY AIRFIELD, NE US",41.3102,-95.8991,299.3,1985-03,34.5
USW00014942,"OMAHA EPPLEY AIRFIELD, NE US",41.3102,-95.8991,299.3,1985-04,80.3
USW00014942,"OMAHA EPPLEY AIRFIELD, NE US",41.3102,-95.8991,299.3,1985-05,62.4
USW00014942,"OMAHA EPPLEY AIRFIELD, NE US",41.3102,-95.8991,299.3,1985-06,44
USW00014942,"OMAHA EPPLEY AIRFIELD, NE US",41.3102,-95.8991,299.3,1985-07,83
USW00014942,"OMAHA EPPLEY AIRFIELD, NE US",41.3102,-95.8991,299.3,1985-08,38
USW00014942,"OMAHA EPPLEY AIRFIELD, NE US",41.3102,-95.8991,299.3,1985-09,69
USW00014942,"OMAHA EPPLEY AIRFIELD, NE US",41.3102,-95.8991,299.3,1985-10,34.6
USW00014942,"OMAHA EPPLEY AIRFIELD, NE US",41.3102,-95.8991,299.3,1985-11,21.5
USW00014942,"OMAHA EPPLEY AIRFIELD, NE US",41.3102,-95.8991,299.3,1985-12,9.3
USW00014942,"OMAHA EPPLEY AIRFIELD, NE US",41.3102,-95.8991,299.3,1986-01,0
USW00014942,"OMAHA EPPLEY AIRFIELD, NE US",41.3102,-95.8991,299.3,1986-02,25.3
USW00014942,"OMAHA EPPLEY AIRFIELD, NE US",41.3102,-95.8991,299.3,1986-03,63.9
USW00014942,"OMAHA EPPLEY AIRFIELD, NE US",41.3102,-95.8991,299.3,1986-04,126.1
USW00014942,"OMAHA EPPLEY AIRFIELD, NE US",41.3102,-95.8991,299.3,1986-05,124.1
USW00014942,"OMAHA EPPLEY AIRFIELD, NE US",41.3102,-95.8991,299.3,1986-06,60.3
USW00014942,"OMAHA EPPLEY AIRFIELD, NE US",41.3102,-95.8991,299.3,1986-07,70.5
USW00014942,"OMAHA EPPLEY AIRFIELD, NE US",41.3102,-95.8991,299.3,1986-08,98.1
USW00014942,"OMAHA EPPLEY AIRFIELD, NE US",41.3102,-95.8991,299.3,1986-09,206.1
USW00014942,"OMAHA EPPLEY AIRFIELD, NE US",41.3102,-95.8991,299.3,1986-10,123.5
USW00014942,"OMAHA EPPLEY AIRFIELD, NE US",41.3102,-95.8991,299.3,1986-11,25.2
USW00014942,"OMAHA EPPLEY AIRFIELD, NE US",41.3102,-95.8991,299.3,1986-12,22.6
USW00014942,"OMAHA EPPLEY AIRFIELD, NE US",41.3102,-95.8991,299.3,1987-01,2.1
USW00014942,"OMAHA EPPLEY AIRFIELD, NE US",41.3102,-95.8991,299.3,1987-02,14
USW00014942,"OMAHA EPPLEY AIRFIELD, NE US",41.3102,-95.8991,299.3,1987-03,105.1
USW00014942,"OMAHA EPPLEY AIRFIELD, NE US",41.3102,-95.8991,299.3,1987-04,56.9
USW00014942,"OMAHA EPPLEY AIRFIELD, NE US",41.3102,-95.8991,299.3,1987-05,219.5
USW00014942,"OMAHA EPPLEY AIRFIELD, NE US",41.3102,-95.8991,299.3,1987-06,83.6
USW00014942,"OMAHA EPPLEY AIRFIELD, NE US",41.3102,-95.8991,299.3,1987-07,170.7
USW00014942,"OMAHA EPPLEY AIRFIELD, NE US",41.3102,-95.8991,299.3,1987-08,258
USW00014942,"OMAHA EPPLEY AIRFIELD, NE US",41.3102,-95.8991,299.3,1987-09,39.7
USW00014942,"OMAHA EPPLEY AIRFIELD, NE US",41.3102,-95.8991,299.3,1987-10,34
USW00014942,"OMAHA EPPLEY AIRFIELD, NE US",41.3102,-95.8991,299.3,1987-11,40.7
USW00014942,"OMAHA EPPLEY AIRFIELD, NE US",41.3102,-95.8991,299.3,1987-12,25.7
USW00014942,"OMAHA EPPLEY AIRFIELD, NE US",41.3102,-95.8991,299.3,1988-01,10.7
USW00014942,"OMAHA EPPLEY AIRFIELD, NE US",41.3102,-95.8991,299.3,1988-02,4.7
USW00014942,"OMAHA EPPLEY AIRFIELD, NE US",41.3102,-95.8991,299.3,1988-03,3.6
USW00014942,"OMAHA EPPLEY AIRFIELD, NE US",41.3102,-95.8991,299.3,1988-04,39.8
USW00014942,"OMAHA EPPLEY AIRFIELD, NE US",41.3102,-95.8991,299.3,1988-05,118.9
USW00014942,"OMAHA EPPLEY AIRFIELD, NE US",41.3102,-95.8991,299.3,1988-06,40.6
USW00014942,"OMAHA EPPLEY AIRFIELD, NE US",41.3102,-95.8991,299.3,1988-07,68.1
USW00014942,"OMAHA EPPLEY AIRFIELD, NE US",41.3102,-95.8991,299.3,1988-08,45.3
USW00014942,"OMAHA EPPLEY AIRFIELD, NE US",41.3102,-95.8991,299.3,1988-09,66.9
USW00014942,"OMAHA EPPLEY AIRFIELD, NE US",41.3102,-95.8991,299.3,1988-10,3.6
USW00014942,"OMAHA EPPLEY AIRFIELD, NE US",41.3102,-95.8991,299.3,1988-11,64.9
USW00014942,"OMAHA EPPLEY AIRFIELD, NE US",41.3102,-95.8991,299.3,1988-12,24.2
USW00014942,"OMAHA EPPLEY AIRFIELD, NE US",41.3102,-95.8991,299.3,1989-01,27.9
USW00014942,"OMAHA EPPLEY AIRFIELD, NE US",41.3102,-95.8991,299.3,1989-02,22.1
USW00014942,"OMAHA EPPLEY AIRFIELD, NE US",41.3102,-95.8991,299.3,1989-03,10.2
USW00014942,"OMAHA EPPLEY AIRFIELD, NE US",41.3102,-95.8991,299.3,1989-04,45.8
USW00014942,"OMAHA EPPLEY AIRFIELD, NE US",41.3102,-95.8991,299.3,1989-05,21.2
USW00014942,"OMAHA EPPLEY AIRFIELD, NE US",41.3102,-95.8991,299.3,1989-06,128.3
USW00014942,"OMAHA EPPLEY AIRFIELD, NE US",41.3102,-95.8991,299.3,1989-07,77.7
USW00014942,"OMAHA EPPLEY AIRFIELD, NE US",41.3102,-95.8991,299.3,1989-08,45.7
USW00014942,"OMAHA EPPLEY AIRFIELD, NE US",41.3102,-95.8991,299.3,1989-09,164.1
USW00014942,"OMAHA EPPLEY AIRFIELD, NE US",41.3102,-95.8991,299.3,1989-10,39.4
USW00014942,"OMAHA EPPLEY AIRFIELD, NE US",41.3102,-95.8991,299.3,1989-11,3.8
USW00014942,"OMAHA EPPLEY AIRFIELD, NE US",41.3102,-95.8991,299.3,1989-12,18.9
USW00014942,"OMAHA EPPLEY AIRFIELD, NE US",41.3102,-95.8991,299.3,1990-01,15
USW00014942,"OMAHA EPPLEY AIRFIELD, NE US",41.3102,-95.8991,299.3,1990-02,8.7
USW00014942,"OMAHA EPPLEY AIRFIELD, NE US",41.3102,-95.8991,299.3,1990-03,102.1
USW00014942,"OMAHA EPPLEY AIRFIELD, NE US",41.3102,-95.8991,299.3,1990-04,9.2
USW00014942,"OMAHA EPPLEY AIRFIELD, NE US",41.3102,-95.8991,299.3,1990-05,129.2
USW00014942,"OMAHA EPPLEY AIRFIELD, NE US",41.3102,-95.8991,299.3,1990-06,98.6
USW00014942,"OMAHA EPPLEY AIRFIELD, NE US",41.3102,-95.8991,299.3,1990-07,161.7
USW00014942,"OMAHA EPPLEY AIRFIELD, NE US",41.3102,-95.8991,299.3,1990-08,20.6
USW00014942,"OMAHA EPPLEY AIRFIELD, NE US",41.3102,-95.8991,299.3,1990-09,20.7
USW00014942,"OMAHA EPPLEY AIRFIELD, NE US",41.3102,-95.8991,299.3,1990-10,43.5
USW00014942,"OMAHA EPPLEY AIRFIELD, NE US",41.3102,-95.8991,299.3,1990-11,29.3
USW00014942,"OMAHA EPPLEY AIRFIELD, NE US",41.3102,-95.8991,299.3,1990-12,29.9
USW00014942,"OMAHA EPPLEY AIRFIELD, NE US",41.3102,-95.8991,299.3,1991-01,27.5
USW00014942,"OMAHA EPPLEY AIRFIELD, NE US",41.3102,-95.8991,299.3,1991-02,6.6
USW00014942,"OMAHA EPPLEY AIRFIELD, NE US",41.3102,-95.8991,299.3,1991-03,72.6
USW00014942,"OMAHA EPPLEY AIRFIELD, NE US",41.3102,-95.8991,299.3,1991-04,113.3
USW00014942,"OMAHA EPPLEY AIRFIELD, NE US",41.3102,-95.8991,299.3,1991-05,103.4
USW00014942,"OMAHA EPPLEY AIRFIELD, NE US",41.3102,-95.8991,299.3,1991-06,197.8
USW00014942,"OMAHA EPPLEY AIRFIELD, NE US",41.3102,-95.8991,299.3,1991-07,75.2
USW00014942,"OMAHA EPPLEY AIRFIELD, NE US",41.3102,-95.8991,299.3,1991-08,93.4
USW00014942,"OMAHA EPPLEY AIRFIELD, NE US",41.3102,-95.8991,299.3,1991-09,34.8
USW00014942,"OMAHA EPPLEY AIRFIELD, NE US",41.3102,-95.8991,299.3,1991-10,95.6
USW00014942,"OMAHA EPPLEY AIRFIELD, NE US",41.3102,-95.8991,299.3,1991-11,89.4
USW00014942,"OMAHA EPPLEY AIRFIELD, NE US",41.3102,-95.8991,299.3,1991-12,44.4
USW00014942,"OMAHA EPPLEY AIRFIELD, NE US",41.3102,-95.8991,299.3,1992-01,35.8
USW00014942,"OMAHA EPPLEY AIRFIELD, NE US",41.3102,-95.8991,299.3,1992-02,30
USW00014942,"OMAHA EPPLEY AIRFIELD, NE US",41.3102,-95.8991,299.3,1992-03,78.5
USW00014942,"OMAHA EPPLEY AIRFIELD, NE US",41.3102,-95.8991,299.3,1992-04,81
USW00014942,"OMAHA EPPLEY AIRFIELD, NE US",41.3102,-95.8991,299.3,1992-05,57.7
USW00014942,"OMAHA EPPLEY AIRFIELD, NE US",41.3102,-95.8991,299.3,1992-06,36.6
USW00014942,"OMAHA EPPLEY AIRFIELD, NE US",41.3102,-95.8991,299.3,1992-07,185.7
USW00014942,"OMAHA EPPLEY AIRFIELD, NE US",41.3102,-95.8991,299.3,1992-08,40
USW00014942,"OMAHA EPPLEY AIRFIELD, NE US",41.3102,-95.8991,299.3,1992-09,174.3
USW00014942,"OMAHA EPPLEY AIRFIELD, NE US",41.3102,-95.8991,299.3,1992-10,56.3
USW00014942,"OMAHA EPPLEY AIRFIELD, NE US",41.3102,-95.8991,299.3,1992-11,76.6
USW00014942,"OMAHA EPPLEY AIRFIELD, NE US",41.3102,-95.8991,299.3,1992-12,29.4
USW00014942,"OMAHA EPPLEY AIRFIELD, NE US",41.3102,-95.8991,299.3,1993-01,36.5
USW00014942,"OMAHA EPPLEY AIRFIELD, NE US",41.3102,-95.8991,299.3,1993-02,23.8
USW00014942,"OMAHA EPPLEY AIRFIELD, NE US",41.3102,-95.8991,299.3,1993-03,67.7
USW00014942,"OMAHA EPPLEY AIRFIELD, NE US",41.3102,-95.8991,299.3,1993-04,57.6
USW00014942,"OMAHA EPPLEY AIRFIELD, NE US",41.3102,-95.8991,299.3,1993-05,124.4
USW00014942,"OMAHA EPPLEY AIRFIELD, NE US",41.3102,-95.8991,299.3,1993-06,204
USW00014942,"OMAHA EPPLEY AIRFIELD, NE US",41.3102,-95.8991,299.3,1993-07,262.4
USW00014942,"OMAHA EPPLEY AIRFIELD, NE US",41.3102,-95.8991,299.3,1993-08,191.3
USW00014942,"OMAHA EPPLEY AIRFIELD, NE US",41.3102,-95.8991,299.3,1993-09,58.3
USW00014942,"OMAHA EPPLEY AIRFIELD, NE US",41.3102,-95.8991,299.3,1993-10,30.1
USW00014942,"OMAHA EPPLEY AIRFIELD, NE US",41.3102,-95.8991,299.3,1993-11,16.8
USW00014942,"OMAHA EPPLEY AIRFIELD, NE US",41.3102,-95.8991,299.3,1993-12,13.2
USW00014942,"OMAHA EPPLEY AIRFIELD, NE US",41.3102,-95.8991,299.3,1994-01,12.9
USW00014942,"OMAHA EPPLEY AIRFIELD, NE US",41.3102,-95.8991,299.3,1994-02,25.7
USW00014942,"OMAHA EPPLEY AIRFIELD, NE US",41.3102,-95.8991,299.3,1994-03,3.9
USW00014942,"OMAHA EPPLEY AIRFIELD, NE US",41.3102,-95.8991,299.3,1994-04,37.2
USW00014942,"OMAHA EPPLEY AIRFIELD, NE US",41.3102,-95.8991,299.3,1994-05,44
USW00014942,"OMAHA EPPLEY AIRFIELD, NE US",41.3102,-95.8991,299.3,1994-06,217
USW00014942,"OMAHA EPPLEY AIRFIELD, NE US",41.3102,-95.8991,299.3,1994-07,91.6
USW00014942,"OMAHA EPPLEY AIRFIELD, NE US",41.3102,-95.8991,299.3,1994-08,50.1
USW00014942,"OMAHA EPPLEY AIRFIELD, NE US",41.3102,-95.8991,299.3,1994-09,84.3
USW00014942,"OMAHA EPPLEY AIRFIELD, NE US",41.3102,-95.8991,299.3,1994-10,34.8
USW00014942,"OMAHA EPPLEY AIRFIELD, NE US",41.3102,-95.8991,299.3,1994-11,41.7
USW00014942,"OMAHA EPPLEY AIRFIELD, NE US",41.3102,-95.8991,299.3,1994-12,30.9
USW00014942,"OMAHA EPPLEY AIRFIELD, NE US",41.3102,-95.8991,299.3,1995-01,20.3
USW00014942,"OMAHA EPPLEY AIRFIELD, NE US",41.3102,-95.8991,299.3,1995-02,12
USW00014942,"OMAHA EPPLEY AIRFIELD, NE US",41.3102,-95.8991,299.3,1995-03,63.4
USW00014942,"OMAHA EPPLEY AIRFIELD, NE US",41.3102,-95.8991,299.3,1995-04,108.2
USW00014942,"OMAHA EPPLEY AIRFIELD, NE US",41.3102,-95.8991,299.3,1995-05,179.5
USW00014942,"OMAHA EPPLEY AIRFIELD, NE US",41.3102,-95.8991,299.3,1995-06,32.7
USW00014942,"OMAHA EPPLEY AIRFIELD, NE US",41.3102,-95.8991,299.3,1995-07,79.8
USW00014942,"OMAHA EPPLEY AIRFIELD, NE US",41.3102,-95.8991,299.3,1995-08,64
USW00014942,"OMAHA EPPLEY AIRFIELD, NE US",41.3102,-95.8991,299.3,1995-09,70
USW00014942,"OMAHA EPPLEY AIRFIELD, NE US",41.3102,-95.8991,299.3,1996-03,21.2
USW00014942,"OMAHA EPPLEY AIRFIELD, NE US",41.3102,-95.8991,299.3,1996-04,60.2
USW00014942,"OMAHA EPPLEY AIRFIELD, NE US",41.3102,-95.8991,299.3,1996-05,192.2
USW00014942,"OMAHA EPPLEY AIRFIELD, NE US",41.3102,-95.8991,299.3,1996-06,75.2
USW00014942,"OMAHA EPPLEY AIRFIELD, NE US",41.3102,-95.8991,299.3,1996-07,60.8
USW00014942,"OMAHA EPPLEY AIRFIELD, NE US",41.3102,-95.8991,299.3,1996-08,55.7
USW00014942,"OMAHA EPPLEY AIRFIELD, NE US",41.3102,-95.8991,299.3,1996-09,124.4
USW00014942,"OMAHA EPPLEY AIRFIELD, NE US",41.3102,-95.8991,299.3,1996-10,41.7
USW00014942,"OMAHA EPPLEY AIRFIELD, NE US",41.3102,-95.8991,299.3,1996-11,63.3
USW00014942,"OMAHA EPPLEY AIRFIELD, NE US",41.3102,-95.8991,299.3,1996-12,8.2
USW00014942,"OMAHA EPPLEY AIRFIELD, NE US",41.3102,-95.8991,299.3,1997-01,7.3
USW00014942,"OMAHA EPPLEY AIRFIELD, NE US",41.3102,-95.8991,299.3,1997-02,17.8
USW00014942,"OMAHA EPPLEY AIRFIELD, NE US",41.3102,-95.8991,299.3,1997-03,27.5
USW00014942,"OMAHA EPPLEY AIRFIELD, NE US",41.3102,-95.8991,299.3,1997-04,93.2
USW00014942,"OMAHA EPPLEY AIRFIELD, NE US",41.3102,-95.8991,299.3,1997-05,39.1
USW00014942,"OMAHA EPPLEY AIRFIELD, NE US",41.3102,-95.8991,299.3,1997-06,100.6
USW00014942,"OMAHA EPPLEY AIRFIELD, NE US",41.3102,-95.8991,299.3,1997-07,119.2
USW00014942,"OMAHA EPPLEY AIRFIELD, NE US",41.3102,-95.8991,299.3,1997-08,33.8
USW00014942,"OMAHA EPPLEY AIRFIELD, NE US",41.3102,-95.8991,299.3,1997-09,109.3
USW00014942,"OMAHA EPPLEY AIRFIELD, NE US",41.3102,-95.8991,299.3,1997-10,133.3
USW00014942,"OMAHA EPPLEY AIRFIELD, NE US",41.3102,-95.8991,299.3,1997-11,58.7
USW00014942,"OMAHA EPPLEY AIRFIELD, NE US",41.3102,-95.8991,299.3,1997-12,14.5
USW00014942,"OMAHA EPPLEY AIRFIELD, NE US",41.3102,-95.8991,299.3,1998-01,28.7
USW00014942,"OMAHA EPPLEY AIRFIELD, NE US",41.3102,-95.8991,299.3,1998-02,32.4
USW00014942,"OMAHA EPPLEY AIRFIELD, NE US",41.3102,-95.8991,299.3,1998-03,105.1
USW00014942,"OMAHA EPPLEY AIRFIELD, NE US",41.3102,-95.8991,299.3,1998-04,89.7
USW00014942,"OMAHA EPPLEY AIRFIELD, NE US",41.3102,-95.8991,299.3,1998-05,119.6
USW00014942,"OMAHA EPPLEY AIRFIELD, NE US",41.3102,-95.8991,299.3,1998-06,208.8
USW00014942,"OMAHA EPPLEY AIRFIELD, NE US",41.3102,-95.8991,299.3,1998-07,197.5
USW00014942,"OMAHA EPPLEY AIRFIELD, NE US",41.3102,-95.8991,299.3,1998-08,98
USW00014942,"OMAHA EPPLEY AIRFIELD, NE US",41.3102,-95.8991,299.3,1998-09,21.6
USW00014942,"OMAHA EPPLEY AIRFIELD, NE US",41.3102,-95.8991,299.3,1998-10,67.2
USW00014942,"OMAHA EPPLEY AIRFIELD, NE US",41.3102,-95.8991,299.3,1998-11,37.6
USW00014942,"OMAHA EPPLEY AIRFIELD, NE US",41.3102,-95.8991,299.3,1998-12,3.3
USW00014942,"OMAHA EPPLEY AIRFIELD, NE US",41.3102,-95.8991,299.3,1999-01,15
USW00014942,"OMAHA EPPLEY AIRFIELD, NE US",41.3102,-95.8991,299.3,1999-02,35.5
USW00014942,"OMAHA EPPLEY AIRFIELD, NE US",41.3102,-95.8991,299.3,1999-03,33.2
USW00014942,"OMAHA EPPLEY AIRFIELD, NE US",41.3102,-95.8991,299.3,1999-04,215.5
USW00014942,"OMAHA EPPLEY AIRFIELD, NE US",41.3102,-95.8991,299.3,1999-05,114.3
USW00014942,"OMAHA EPPLEY AIRFIELD, NE US",41.3102,-95.8991,299.3,1999-06,95.3
USW00014942,"OMAHA EPPLEY AIRFIELD, NE US",41.3102,-95.8991,299.3,1999-07,78
USW00014942,"OMAHA EPPLEY AIRFIELD, NE US",41.3102,-95.8991,299.3,1999-08,311.4
USW00014942,"OMAHA EPPLEY AIRFIELD, NE US",41.3102,-95.8991,299.3,1999-09,41.6
USW00014942,"OMAHA EPPLEY AIRFIELD, NE US",41.3102,-95.8991,299.3,1999-10,0.8
USW00014942,"OMAHA EPPLEY AIRFIELD, NE US",41.3102,-95.8991,299.3,1999-11,28.2
USW00014942,"OMAHA EPPLEY AIRFIELD, NE US",41.3102,-95.8991,299.3,1999-12,14.6
USW00014942,"OMAHA EPPLEY AIRFIELD, NE US",41.3102,-95.8991,299.3,2000-01,4.4
USW00014942,"OMAHA EPPLEY AIRFIELD, NE US",41.3102,-95.8991,299.3,2000-02,49.4
USW00014942,"OMAHA EPPLEY AIRFIELD, NE US",41.3102,-95.8991,299.3,2000-03,20.6
USW00014942,"OMAHA EPPLEY AIRFIELD, NE US",41.3102,-95.8991,299.3,2000-04,72.4
USW00014942,"OMAHA EPPLEY AIRFIELD, NE US",41.3102,-95.8991,299.3,2000-05,68.3
USW00014942,"OMAHA EPPLEY AIRFIELD, NE US",41.3102,-95.8991,299.3,2000-06,140.3
USW00014942,"OMAHA EPPLEY AIRFIELD, NE US",41.3102,-95.8991,299.3,2000-07,127.9
USW00014942,"OMAHA EPPLEY AIRFIELD, NE US",41.3102,-95.8991,299.3,2000-08,33.1
USW00014942,"OMAHA EPPLEY AIRFIELD, NE US",41.3102,-95.8991,299.3,2000-09,16.3
USW00014942,"OMAHA EPPLEY AIRFIELD, NE US",41.3102,-95.8991,299.3,2000-10,49.1
USW00014942,"OMAHA EPPLEY AIRFIELD, NE US",41.3102,-95.8991,299.3,2000-11,83
USW00014942,"OMAHA EPPLEY AIRFIELD, NE US",41.3102,-95.8991,299.3,2000-12,24.2
USW00014942,"OMAHA EPPLEY AIRFIELD, NE US",41.3102,-95.8991,299.3,2001-01,40.9
USW00014942,"OMAHA EPPLEY AIRFIELD, NE US",41.3102,-95.8991,299.3,2001-02,38.8
USW00014942,"OMAHA EPPLEY AIRFIELD, NE US",41.3102,-95.8991,299.3,2001-03,35.1
USW00014942,"OMAHA EPPLEY AIRFIELD, NE US",41.3102,-95.8991,299.3,2001-04,60.3
USW00014942,"OMAHA EPPLEY AIRFIELD, NE US",41.3102,-95.8991,299.3,2001-05,223.1
USW00014942,"OMAHA EPPLEY AIRFIELD, NE US",41.3102,-95.8991,299.3,2001-06,58.1
USW00014942,"OMAHA EPPLEY AIRFIELD, NE US",41.3102,-95.8991,299.3,2001-07,52.5
USW00014942,"OMAHA EPPLEY AIRFIELD, NE US",41.3102,-95.8991,299.3,2001-08,49.5
USW00014942,"OMAHA EPPLEY AIRFIELD, NE US",41.3102,-95.8991,299.3,2001-09,60.8
USW00014942,"OMAHA EPPLEY AIRFIELD, NE US",41.3102,-95.8991,299.3,2001-10,53.4
USW00014942,"OMAHA EPPLEY AIRFIELD, NE US",41.3102,-95.8991,299.3,2001-11,39.4
USW00014942,"OMAHA EPPLEY AIRFIELD, NE US",41.3102,-95.8991,299.3,2001-12,17.2
USW00014942,"OMAHA EPPLEY AIRFIELD, NE US",41.3102,-95.8991,299.3,2002-01,9.5
USW00014942,"OMAHA EPPLEY AIRFIELD, NE US",41.3102,-95.8991,299.3,2002-02,7.7
USW00014942,"OMAHA EPPLEY AIRFIELD, NE US",41.3102,-95.8991,299.3,2002-03,21.5
USW00014942,"OMAHA EPPLEY AIRFIELD, NE US",41.3102,-95.8991,299.3,2002-04,85.3
USW00014942,"OMAHA EPPLEY AIRFIELD, NE US",41.3102,-95.8991,299.3,2002-05,105.2
USW00014942,"OMAHA EPPLEY AIRFIELD, NE US",41.3102,-95.8991,299.3,2002-06,52.9
USW00014942,"OMAHA EPPLEY AIRFIELD, NE US",41.3102,-95.8991,299.3,2002-07,68.7
USW00014942,"OMAHA EPPLEY AIRFIELD, NE US",41.3102,-95.8991,299.3,2002-08,204.4
USW00014942,"OMAHA EPPLEY AIRFIELD, NE US",41.3102,-95.8991,299.3,2002-09,22.8
USW00014942,"OMAHA EPPLEY AIRFIELD, NE US",41.3102,-95.8991,299.3,2002-10,80.8
USW00014942,"OMAHA EPPLEY AIRFIELD, NE US",41.3102,-95.8991,299.3,2002-11,3.3
USW00014942,"OMAHA EPPLEY AIRFIELD, NE US",41.3102,-95.8991,299.3,2002-12,0
USW00014942,"OMAHA EPPLEY AIRFIELD, NE US",41.3102,-95.8991,299.3,2003-01,9
USW00014942,"OMAHA EPPLEY AIRFIELD, NE US",41.3102,-95.8991,299.3,2003-02,33.6
USW00014942,"OMAHA EPPLEY AIRFIELD, NE US",41.3102,-95.8991,299.3,2003-03,12.9
USW00014942,"OMAHA EPPLEY AIRFIELD, NE US",41.3102,-95.8991,299.3,2003-04,93
USW00014942,"OMAHA EPPLEY AIRFIELD, NE US",41.3102,-95.8991,299.3,2003-05,111.2
USW00014942,"OMAHA EPPLEY AIRFIELD, NE US",41.3102,-95.8991,299.3,2003-06,82.4
USW00014942,"OMAHA EPPLEY AIRFIELD, NE US",41.3102,-95.8991,299.3,2003-07,63.2
USW00014942,"OMAHA EPPLEY AIRFIELD, NE US",41.3102,-95.8991,299.3,2003-08,18.9
USW00014942,"OMAHA EPPLEY AIRFIELD, NE US",41.3102,-95.8991,299.3,2003-09,35.7
USW00014942,"OMAHA EPPLEY AIRFIELD, NE US",41.3102,-95.8991,299.3,2003-10,36.4
USW00014942,"OMAHA EPPLEY AIRFIELD, NE US",41.3102,-95.8991,299.3,2003-11,74
USW00014942,"OMAHA EPPLEY AIRFIELD, NE US",41.3102,-95.8991,299.3,2003-12,21.3
USW00014942,"OMAHA EPPLEY AIRFIELD, NE US",41.3102,-95.8991,299.3,2004-01,31.8
USW00014942,"OMAHA EPPLEY AIRFIELD, NE US",41.3102,-95.8991,299.3,2004-02,33.3
USW00014942,"OMAHA EPPLEY AIRFIELD, NE US",41.3102,-95.8991,299.3,2004-03,114.3
USW00014942,"OMAHA EPPLEY AIRFIELD, NE US",41.3102,-95.8991,299.3,2004-04,24.7
USW00014942,"OMAHA EPPLEY AIRFIELD, NE US",41.3102,-95.8991,299.3,2004-05,208.5
USW00014942,"OMAHA EPPLEY AIRFIELD, NE US",41.3102,-95.8991,299.3,2004-06,68.8
USW00014942,"OMAHA EPPLEY AIRFIELD, NE US",41.3102,-95.8991,299.3,2004-07,173.6
USW00014942,"OMAHA EPPLEY AIRFIELD, NE US",41.3102,-95.8991,299.3,2004-08,95.8
USW00014942,"OMAHA EPPLEY AIRFIELD, NE US",41.3102,-95.8991,299.3,2004-09,42.1
USW00014942,"OMAHA EPPLEY AIRFIELD, NE US",41.3102,-95.8991,299.3,2004-10,6.7
USW00014942,"OMAHA EPPLEY AIRFIELD, NE US",41.3102,-95.8991,299.3,2004-11,51.3
USW00014942,"OMAHA EPPLEY AIRFIELD, NE US",41.3102,-95.8991,299.3,2004-12,8.6
USW00014942,"OMAHA EPPLEY AIRFIELD, NE US",41.3102,-95.8991,299.3,2005-01,13.3
USW00014942,"OMAHA EPPLEY AIRFIELD, NE US",41.3102,-95.8991,299.3,2005-02,48.4
USW00014942,"OMAHA EPPLEY AIRFIELD, NE US",41.3102,-95.8991,299.3,2005-03,24.9
USW00014942,"OMAHA EPPLEY AIRFIELD, NE US",41.3102,-95.8991,299.3,2005-04,66.8
USW00014942,"OMAHA EPPLEY AIRFIELD, NE US",41.3102,-95.8991,299.3,2005-05,116.9
USW00014942,"OMAHA EPPLEY AIRFIELD, NE US",41.3102,-95.8991,299.3,2005-06,68.4
USW00014942,"OMAHA EPPLEY AIRFIELD, NE US",41.3102,-95.8991,299.3,2005-07,49.2
USW00014942,"OMAHA EPPLEY AIRFIELD, NE US",41.3102,-95.8991,299.3,2005-08,118.3
USW00014942,"OMAHA EPPLEY AIRFIELD, NE US",41.3102,-95.8991,299.3,2005-09,23.4
USW00014942,"OMAHA EPPLEY AIRFIELD, NE US",41.3102,-95.8991,299.3,2005-10,19
USW00014942,"OMAHA EPPLEY AIRFIELD, NE US",41.3102,-95.8991,299.3,2005-11,26.5
USW00014942,"OMAHA EPPLEY AIRFIELD, NE US",41.3102,-95.8991,299.3,2005-12,20.6
USW00014942,"OMAHA EPPLEY AIRFIELD, NE US",41.3102,-95.8991,299.3,2006-01,17.3
USW00014942,"OMAHA EPPLEY AIRFIELD, NE US",41.3102,-95.8991,299.3,2006-02,1.6
USW00014942,"OMAHA EPPLEY AIRFIELD, NE US",41.3102,-95.8991,299.3,2006-03,55.2
USW00014942,"OMAHA EPPLEY AIRFIELD, NE US",41.3102,-95.8991,299.3,2006-04,96.9
USW00014942,"OMAHA EPPLEY AIRFIELD, NE US",41.3102,-95.8991,299.3,2006-05,64.7
USW00014942,"OMAHA EPPLEY AIRFIELD, NE US",41.3102,-95.8991,299.3,2006-06,27.3
USW00014942,"OMAHA EPPLEY AIRFIELD, NE US",41.3102,-95.8991,299.3,2006-07,65.3
USW00014942,"OMAHA EPPLEY AIRFIELD, NE US",41.3102,-95.8991,299.3,2006-08,216.5
USW00014942,"OMAHA EPPLEY AIRFIELD, NE US",41.3102,-95.8991,299.3,2006-09,108.2
USW00014942,"OMAHA EPPLEY AIRFIELD, NE US",41.3102,-95.8991,299.3,2006-10,22.1
USW00014942,"OMAHA EPPLEY AIRFIELD, NE US",41.3102,-95.8991,299.3,2006-11,6.7
USW00014942,"OMAHA EPPLEY AIRFIELD, NE US",41.3102,-95.8991,299.3,2006-12,57.2
USW00014942,"OMAHA EPPLEY AIRFIELD, NE US",41.3102,-95.8991,299.3,2007-01,15
USW00014942,"OMAHA EPPLEY AIRFIELD, NE US",41.3102,-95.8991,299.3,2007-02,28.4
USW00014942,"OMAHA EPPLEY AIRFIELD, NE US",41.3102,-95.8991,299.3,2007-03,105.4
USW00014942,"OMAHA EPPLEY AIRFIELD, NE US",41.3102,-95.8991,299.3,2007-04,94.3
USW00014942,"OMAHA EPPLEY AIRFIELD, NE US",41.3102,-95.8991,299.3,2007-05,269.9
USW00014942,"OMAHA EPPLEY AIRFIELD, NE US",41.3102,-95.8991,299.3,2007-06,6.2
USW00014942,"OMAHA EPPLEY AIRFIELD, NE US",41.3102,-95.8991,299.3,2007-07,42.2
USW00014942,"OMAHA EPPLEY AIRFIELD, NE US",41.3102,-95.8991,299.3,2007-08,168.5
USW00014942,"OMAHA EPPLEY AIRFIELD, NE US",41.3102,-95.8991,299.3,2007-09,58.7
USW00014942,"OMAHA EPPLEY AIRFIELD, NE US",41.3102,-95.8991,299.3,2007-10,158.2
USW00014942,"OMAHA EPPLEY AIRFIELD, NE US",41.3102,-95.8991,299.3,2007-11,0.8
USW00014942,"OMAHA EPPLEY AIRFIELD, NE US",41.3102,-95.8991,299.3,2007-12,45.5
USW00014942,"OMAHA EPPLEY AIRFIELD, NE US",41.3102,-95.8991,299.3,2008-01,7.6
USW00014942,"OMAHA EPPLEY AIRFIELD, NE US",41.3102,-95.8991,299.3,2008-02,15
USW00014942,"OMAHA EPPLEY AIRFIELD, NE US",41.3102,-95.8991,299.3,2008-03,38.9
USW00014942,"OMAHA EPPLEY AIRFIELD, NE US",41.3102,-95.8991,299.3,2008-04,101.9
USW00014942,"OMAHA EPPLEY AIRFIELD, NE US",41.3102,-95.8991,299.3,2008-05,161.8
USW00014942,"OMAHA EPPLEY AIRFIELD, NE US",41.3102,-95.8991,299.3,2008-06,241.4
USW00014942,"OMAHA EPPLEY AIRFIELD, NE US",41.3102,-95.8991,299.3,2008-07,79.5
USW00014942,"OMAHA EPPLEY AIRFIELD, NE US",41.3102,-95.8991,299.3,2008-08,33.5
USW00014942,"OMAHA EPPLEY AIRFIELD, NE US",41.3102,-95.8991,299.3,2008-09,73.9
USW00014942,"OMAHA EPPLEY AIRFIELD, NE US",41.3102,-95.8991,299.3,2008-10,115.6
USW00014942,"OMAHA EPPLEY AIRFIELD, NE US",41.3102,-95.8991,299.3,2008-11,39.6
USW00014942,"OMAHA EPPLEY AIRFIELD, NE US",41.3102,-95.8991,299.3,2008-12,20.2
USW00014942,"OMAHA EPPLEY AIRFIELD, NE US",41.3102,-95.8991,299.3,2009-01,6.1
USW00014942,"OMAHA EPPLEY AIRFIELD, NE US",41.3102,-95.8991,299.3,2009-02,19
USW00014942,"OMAHA EPPLEY AIRFIELD, NE US",41.3102,-95.8991,299.3,2009-03,26.7
USW00014942,"OMAHA EPPLEY AIRFIELD, NE US",41.3102,-95.8991,299.3,2009-04,56.2
USW00014942,"OMAHA EPPLEY AIRFIELD, NE US",41.3102,-95.8991,299.3,2009-05,35.2
USW00014942,"OMAHA EPPLEY AIRFIELD, NE US",41.3102,-95.8991,299.3,2009-06,116.4
USW00014942,"OMAHA EPPLEY AIRFIELD, NE US",41.3102,-95.8991,299.3,2009-07,92.6
USW00014942,"OMAHA EPPLEY AIRFIELD, NE US",41.3102,-95.8991,299.3,2009-08,158.5
USW00014942,"OMAHA EPPLEY AIRFIELD, NE US",41.3102,-95.8991,299.3,2009-09,43.6
USW00014942,"OMAHA EPPLEY AIRFIELD, NE US",41.3102,-95.8991,299.3,2009-10,88.1
USW00014942,"OMAHA EPPLEY AIRFIELD, NE US",41.3102,-95.8991,299.3,2009-11,9.1
USW00014942,"OMAHA EPPLEY AIRFIELD, NE US",41.3102,-95.8991,299.3,2009-12,57.8
USW00014942,"OMAHA EPPLEY AIRFIELD, NE US",41.3102,-95.8991,299.3,2010-01,28.4
USW00014942,"OMAHA EPPLEY AIRFIELD, NE US",41.3102,-95.8991,299.3,2010-02,17.9
USW00014942,"OMAHA EPPLEY AIRFIELD, NE US",41.3102,-95.8991,299.3,2010-03,43.6
USW00014942,"OMAHA EPPLEY AIRFIELD, NE US",41.3102,-95.8991,299.3,2010-04,76.4
USW00014942,"OMAHA EPPLEY AIRFIELD, NE US",41.3102,-95.8991,299.3,2010-05,64.7
USW00014942,"OMAHA EPPLEY AIRFIELD, NE US",41.3102,-95.8991,299.3,2010-06,235.1
USW00014942,"OMAHA EPPLEY AIRFIELD, NE US",41.3102,-95.8991,299.3,2010-07,160.6
USW00014942,"OMAHA EPPLEY AIRFIELD, NE US",41.3102,-95.8991,299.3,2010-08,122.8
USW00014942,"OMAHA EPPLEY AIRFIELD, NE US",41.3102,-95.8991,299.3,2010-09,61.7
USW00014942,"OMAHA EPPLEY AIRFIELD, NE US",41.3102,-95.8991,299.3,2010-10,4.1
USW00014942,"OMAHA EPPLEY AIRFIELD, NE US",41.3102,-95.8991,299.3,2010-11,60.5
USW00014942,"OMAHA EPPLEY AIRFIELD, NE US",41.3102,-95.8991,299.3,2010-12,13.7
USW00014942,"OMAHA EPPLEY AIRFIELD, NE US",41.3102,-95.8991,299.3,2011-01,29.1
USW00014942,"OMAHA EPPLEY AIRFIELD, NE US",41.3102,-95.8991,299.3,2011-02,15
USW00014942,"OMAHA EPPLEY AIRFIELD, NE US",41.3102,-95.8991,299.3,2011-03,18
USW00014942,"OMAHA EPPLEY AIRFIELD, NE US",41.3102,-95.8991,299.3,2011-04,84.2
USW00014942,"OMAHA EPPLEY AIRFIELD, NE US",41.3102,-95.8991,299.3,2011-05,129.1
USW00014942,"OMAHA EPPLEY AIRFIELD, NE US",41.3102,-95.8991,299.3,2011-06,109.4
USW00014942,"OMAHA EPPLEY AIRFIELD, NE US",41.3102,-95.8991,299.3,2011-07,84.7
USW00014942,"OMAHA EPPLEY AIRFIELD, NE US",41.3102,-95.8991,299.3,2011-08,148.4
USW00014942,"OMAHA EPPLEY AIRFIELD, NE US",41.3102,-95.8991,299.3,2011-09,25.1
USW00014942,"OMAHA EPPLEY AIRFIELD, NE US",41.3102,-95.8991,299.3,2011-10,10
USW00014942,"OMAHA EPPLEY AIRFIELD, NE US",41.3102,-95.8991,299.3,2011-11,33.3
USW00014942,"OMAHA EPPLEY AIRFIELD, NE US",41.3102,-95.8991,299.3,2011-12,43.5
USW00014942,"OMAHA EPPLEY AIRFIELD, NE US",41.3102,-95.8991,299.3,2012-01,1.6
USW00014942,"OMAHA EPPLEY AIRFIELD, NE US",41.3102,-95.8991,299.3,2012-02,58.2
USW00014942,"OMAHA EPPLEY AIRFIELD, NE US",41.3102,-95.8991,299.3,2012-03,28.4
USW00014942,"OMAHA EPPLEY AIRFIELD, NE US",41.3102,-95.8991,299.3,2012-04,94.5
USW00014942,"OMAHA EPPLEY AIRFIELD, NE US",41.3102,-95.8991,299.3,2012-05,90.6
USW00014942,"OMAHA EPPLEY AIRFIELD, NE US",41.3102,-95.8991,299.3,2012-06,90.6
USW00014942,"OMAHA EPPLEY AIRFIELD, NE US",41.3102,-95.8991,299.3,2012-07,0.3
USW00014942,"OMAHA EPPLEY AIRFIELD, NE US",41.3102,-95.8991,299.3,2012-08,60.8
USW00014942,"OMAHA EPPLEY AIRFIELD, NE US",41.3102,-95.8991,299.3,2012-09,40.4
USW00014942,"OMAHA EPPLEY AIRFIELD, NE US",41.3102,-95.8991,299.3,2012-10,52.6
USW00014942,"OMAHA EPPLEY AIRFIELD, NE US",41.3102,-95.8991,299.3,2012-11,9.7
USW00014942,"OMAHA EPPLEY AIRFIELD, NE US",41.3102,-95.8991,299.3,2012-12,47.1
USW00014942,"OMAHA EPPLEY AIRFIELD, NE US",41.3102,-95.8991,299.3,2013-01,12.7
USW00014942,"OMAHA EPPLEY AIRFIELD, NE US",41.3102,-95.8991,299.3,2013-02,20.3
USW00014942,"OMAHA EPPLEY AIRFIELD, NE US",41.3102,-95.8991,299.3,2013-03,50.4
USW00014942,"OMAHA EPPLEY AIRFIELD, NE US",41.3102,-95.8991,299.3,2013-04,135.4
USW00014942,"OMAHA EPPLEY AIRFIELD, NE US",41.3102,-95.8991,299.3,2013-05,145.9
USW00014942,"OMAHA EPPLEY AIRFIELD, NE US",41.3102,-95.8991,299.3,2013-06,120.4
USW00014942,"OMAHA EPPLEY AIRFIELD, NE US",41.3102,-95.8991,299.3,2013-07,11.3
USW00014942,"OMAHA EPPLEY AIRFIELD, NE US",41.3102,-95.8991,299.3,2013-08,43.7
USW00014942,"OMAHA EPPLEY AIRFIELD, NE US",41.3102,-95.8991,299.3,2013-09,69.2
USW00014942,"OMAHA EPPLEY AIRFIELD, NE US",41.3102,-95.8991,299.3,2013-10,96.2
USW00014942,"OMAHA EPPLEY AIRFIELD, NE US",41.3102,-95.8991,299.3,2013-11,27
USW00014942,"OMAHA EPPLEY AIRFIELD, NE US",41.3102,-95.8991,299.3,2013-12,5.1
USW00014942,"OMAHA EPPLEY AIRFIELD, NE US",41.3102,-95.8991,299.3,2014-01,3.7
USW00014942,"OMAHA EPPLEY AIRFIELD, NE US",41.3102,-95.8991,299.3,2014-02,18.4
USW00014942,"OMAHA EPPLEY AIRFIELD, NE US",41.3102,-95.8991,299.3,2014-03,5.4
USW00014942,"OMAHA EPPLEY AIRFIELD, NE US",41.3102,-95.8991,299.3,2014-04,66.6
USW00014942,"OMAHA EPPLEY AIRFIELD, NE US",41.3102,-95.8991,299.3,2014-05,79.4
USW00014942,"OMAHA EPPLEY AIRFIELD, NE US",41.3102,-95.8991,299.3,2014-06,267.2
USW00014942,"OMAHA EPPLEY AIRFIELD, NE US",41.3102,-95.8991,299.3,2014-07,43.7
USW00014942,"OMAHA EPPLEY AIRFIELD, NE US",41.3102,-95.8991,299.3,2014-08,243.7
USW00014942,"OMAHA EPPLEY AIRFIELD, NE US",41.3102,-95.8991,299.3,2014-09,155.3
USW00014942,"OMAHA EPPLEY AIRFIELD, NE US",41.3102,-95.8991,299.3,2014-10,63
USW00014942,"OMAHA EPPLEY AIRFIELD, NE US",41.3102,-95.8991,299.3,2014-11,5.6
USW00014942,"OMAHA EPPLEY AIRFIELD, NE US",41.3102,-95.8991,299.3,2014-12,42.9
USW00014942,"OMAHA EPPLEY AIRFIELD, NE US",41.3102,-95.8991,299.3,2015-01,17.5
USW00014942,"OMAHA EPPLEY AIRFIELD, NE US",41.3102,-95.8991,299.3,2015-02,11.5
USW00014942,"OMAHA EPPLEY AIRFIELD, NE US",41.3102,-95.8991,299.3,2015-03,13.8
USW00014942,"OMAHA EPPLEY AIRFIELD, NE US",41.3102,-95.8991,299.3,2015-04,93.2
USW00014942,"OMAHA EPPLEY AIRFIELD, NE US",41.3102,-95.8991,299.3,2015-05,135.7
USW00014942,"OMAHA EPPLEY AIRFIELD, NE US",41.3102,-95.8991,299.3,2015-06,117.2
USW00014942,"OMAHA EPPLEY AIRFIELD, NE US",41.3102,-95.8991,299.3,2015-07,61
USW00014942,"OMAHA EPPLEY AIRFIELD, NE US",41.3102,-95.8991,299.3,2015-08,227.3
USW00014942,"OMAHA EPPLEY AIRFIELD, NE US",41.3102,-95.8991,299.3,2015-09,236.6
USW00014942,"OMAHA EPPLEY AIRFIELD, NE US",41.3102,-95.8991,299.3,2015-10,21.1
USW00014942,"OMAHA EPPLEY AIRFIELD, NE US",41.3102,-95.8991,299.3,2015-11,62.8
USW00014942,"OMAHA EPPLEY AIRFIELD, NE US",41.3102,-95.8991,299.3,2015-12,133.7
USW00014942,"OMAHA EPPLEY AIRFIELD, NE US",41.3102,-95.8991,299.3,2016-01,28.3
USW00014942,"OMAHA EPPLEY AIRFIELD, NE US",41.3102,-95.8991,299.3,2016-02,15.6
USW00014942,"OMAHA EPPLEY AIRFIELD, NE US",41.3102,-95.8991,299.3,2016-03,26.1
USW00014942,"OMAHA EPPLEY AIRFIELD, NE US",41.3102,-95.8991,299.3,2016-04,137.1
USW00014942,"OMAHA EPPLEY AIRFIELD, NE US",41.3102,-95.8991,299.3,2016-05,122.9
USW00014942,"OMAHA EPPLEY AIRFIELD, NE US",41.3102,-95.8991,299.3,2016-06,24
USW00014942,"OMAHA EPPLEY AIRFIELD, NE US",41.3102,-95.8991,299.3,2016-07,168
USW00014942,"OMAHA EPPLEY AIRFIELD, NE US",41.3102,-95.8991,299.3,2016-08,146.8
USW00014942,"OMAHA EPPLEY AIRFIELD, NE US",41.3102,-95.8991,299.3,2016-09,112.2
USW00014942,"OMAHA EPPLEY AIRFIELD, NE US",41.3102,-95.8991,299.3,2016-10,42.2
USW00014942,"OMAHA EPPLEY AIRFIELD, NE US",41.3102,-95.8991,299.3,2016-11,19.5
USW00014942,"OMAHA EPPLEY AIRFIELD, NE US",41.3102,-95.8991,299.3,2016-12,37.5
USW00014942,"OMAHA EPPLEY AIRFIELD, NE US",41.3102,-95.8991,299.3,2017-01,22
USW00014942,"OMAHA EPPLEY AIRFIELD, NE US",41.3102,-95.8991,299.3,2017-02,26.4
USW00014942,"OMAHA EPPLEY AIRFIELD, NE US",41.3102,-95.8991,299.3,2017-03,60.7
USW00014942,"OMAHA EPPLEY AIRFIELD, NE US",41.3102,-95.8991,299.3,2017-04,61.4
USW00014942,"OMAHA EPPLEY AIRFIELD, NE US",41.3102,-95.8991,299.3,2017-05,116.9
USW00014942,"OMAHA EPPLEY AIRFIELD, NE US",41.3102,-95.8991,299.3,2017-06,80
USW00014942,"OMAHA EPPLEY AIRFIELD, NE US",41.3102,-95.8991,299.3,2017-07,31.4
USW00014942,"OMAHA EPPLEY AIRFIELD, NE US",41.3102,-95.8991,299.3,2017-08,83.7
USW00014942,"OMAHA EPPLEY AIRFIELD, NE US",41.3102,-95.8991,299.3,2017-09,65.9
USW00014942,"OMAHA EPPLEY AIRFIELD, NE US",41.3102,-95.8991,299.3,2017-10,103.1
USW00014942,"OMAHA EPPLEY AIRFIELD, NE US",41.3102,-95.8991,299.3,2017-11,9.2
USW00014942,"OMAHA EPPLEY AIRFIELD, NE US",41.3102,-95.8991,299.3,2017-12,10.9
USW00014942,"OMAHA EPPLEY AIRFIELD, NE US",41.3102,-95.8991,299.3,2018-01,19.6
USW00014942,"OMAHA EPPLEY AIRFIELD, NE US",41.3102,-95.8991,299.3,2018-02,24.7
USW00014942,"OMAHA EPPLEY AIRFIELD, NE US",41.3102,-95.8991,299.3,2018-03,71.7
USW00014942,"OMAHA EPPLEY AIRFIELD, NE US",41.3102,-95.8991,299.3,2018-04,6.9
USW00014942,"OMAHA EPPLEY AIRFIELD, NE US",41.3102,-95.8991,299.3,2018-05,50.2
USW00014942,"OMAHA EPPLEY AIRFIELD, NE US",41.3102,-95.8991,299.3,2018-06,175
USW00014942,"OMAHA EPPLEY AIRFIELD, NE US",41.3102,-95.8991,299.3,2018-07,74.5
USW00014942,"OMAHA EPPLEY AIRFIELD, NE US",41.3102,-95.8991,299.3,2018-08,249.2
USW00014942,"OMAHA EPPLEY AIRFIELD, NE US",41.3102,-95.8991,299.3,2018-09,88
USW00014942,"OMAHA EPPLEY AIRFIELD, NE US",41.3102,-95.8991,299.3,2018-10,74.7
USW00014942,"OMAHA EPPLEY AIRFIELD, NE US",41.3102,-95.8991,299.3,2018-11,26.4
USW00014942,"OMAHA EPPLEY AIRFIELD, NE US",41.3102,-95.8991,299.3,2018-12,75
USW00014942,"OMAHA EPPLEY AIRFIELD, NE US",41.3102,-95.8991,299.3,2019-01,22.1
USW00014942,"OMAHA EPPLEY AIRFIELD, NE US",41.3102,-95.8991,299.3,2019-02,51.1
USW00014942,"OMAHA EPPLEY AIRFIELD, NE US",41.3102,-95.8991,299.3,2019-03,68.1
USW00014942,"OMAHA EPPLEY AIRFIELD, NE US",41.3102,-95.8991,299.3,2019-04,34.3
USW00014942,"OMAHA EPPLEY AIRFIELD, NE US",41.3102,-95.8991,299.3,2019-05,194.4
USW00014942,"OMAHA EPPLEY AIRFIELD, NE US",41.3102,-95.8991,299.3,2019-06,71.3
USW00014942,"OMAHA EPPLEY AIRFIELD, NE US",41.3102,-95.8991,299.3,2019-07,67.1
USW00014942,"OMAHA EPPLEY AIRFIELD, NE US",41.3102,-95.8991,299.3,2019-08,134.9
USW00014942,"OMAHA EPPLEY AIRFIELD, NE US",41.3102,-95.8991,299.3,2019-09,151.3
USW00014942,"OMAHA EPPLEY AIRFIELD, NE US",41.3102,-95.8991,299.3,2019-10,143.1
USW00014942,"OMAHA EPPLEY AIRFIELD, NE US",41.3102,-95.8991,299.3,2019-11,23.8
USW00014942,"OMAHA EPPLEY AIRFIELD, NE US",41.3102,-95.8991,299.3,2019-12,53.5
USW00014942,"OMAHA EPPLEY AIRFIELD, NE US",41.3102,-95.8991,299.3,2020-01,33.3
USW00014942,"OMAHA EPPLEY AIRFIELD, NE US",41.3102,-95.8991,299.3,2020-02,1.3
USW00014942,"OMAHA EPPLEY AIRFIELD, NE US",41.3102,-95.8991,299.3,2020-03,50.3
USW00014942,"OMAHA EPPLEY AIRFIELD, NE US",41.3102,-95.8991,299.3,2020-04,17.8
USW00014942,"OMAHA EPPLEY AIRFIELD, NE US",41.3102,-95.8991,299.3,2020-05,